date,close_price,open_price,high,low,volume,variation
2021-06-18,80500,81100,81100,80500,14.62,-0.49%
2021-06-17,80900,81200,81200,80700,0.39K,-1.10%
2021-06-16,81800,81400,81900,81100,2.27K,1.11%
2021-06-15,80900,80900,81200,80600,9.84,0.50%
2021-06-14,80500,80900,80900,80500,1.07K,-0.62%
2021-06-13,81000,81000,81000,81000,-,0.00%
2021-06-11,81000,81200,81700,80700,13.81,0.00%
2021-06-10,81000,81400,81400,80900,0.32K,-0.12%
2021-06-09,81100,81600,82000,81100,4.87K,-0.98%
2021-06-08,81900,82300,82600,81800,13.46K,0.00%
2021-06-07,81900,82700,82800,81600,3.95K,-0.36%
2021-06-06,82200,82200,82200,82200,-14.62,0.00%
2021-06-04,82200,82700,82700,81500,18.06,-0.72%
2021-06-03,82800,81300,83000,81100,12.10K,2.48%
2021-06-02,80800,80400,81400,80300,1.27K,0.25%
2021-06-01,80600,80400,81200,80100,4.06K,0.12%
2021-05-31,80500,80300,80600,79600,13.28,0.50%
2021-05-30,80100,80100,80100,80100,-,0.00%
2021-05-28,80100,79800,80400,79400,12.27,0.63%
2021-05-27,79600,80000,80000,79100,1.51K,-0.25%
2021-05-26,79800,80300,80500,79700,0.79K,-0.13%
2021-05-25,79900,80000,80400,79800,12.55,0.25%
2021-05-24,79700,80100,80400,79500,0.88K,-0.50%
2021-05-23,80100,80100,80100,80100,-,0.00%
2021-05-21,80100,80100,81500,79800,20.8,0.75%
2021-05-20,79500,79400,79700,79100,0.32K,-0.13%
2021-05-19,79600,79600,79600,79600,-,0.00%
2021-05-18,79600,79600,80000,79100,17.27,0.00%
2021-05-17,79600,80900,80900,79200,6.45K,-0.62%
2021-05-16,80100,80100,80100,80100,-,0.00%
2021-05-14,80100,79000,80300,78900,16.37,2.04%
2021-05-13,78500,78900,79600,78500,4.26K,-1.88%
2021-05-12,80000,80900,81100,79800,9.71K,-1.48%
2021-05-11,81200,82500,82500,81100,12.16K,-2.40%
2021-05-10,83200,82300,83500,81800,7.02K,1.59%
2021-05-09,81900,81900,81900,81900,-,0.00%
2021-05-07,81900,81800,82100,81500,12.8,-0.49%
2021-05-06,82300,81700,82300,81700,16.85,-0.36%
2021-05-05,82600,82600,82600,82600,-,0.00%
2021-05-04,82600,81900,82600,81800,12.29,1.10%
2021-05-03,81700,81000,82400,81000,15.58,0.25%
2021-05-02,81500,81500,81500,81500,-,0.00%
2021-04-30,81500,81900,82100,81500,17.26,-0.24%
2021-04-29,81700,82400,82400,81500,2.84K,-0.49%
2021-04-28,82100,83100,83200,82100,6.80K,-0.97%
2021-04-27,82900,83300,83300,82500,3.86K,-0.72%
2021-04-26,83500,82900,83500,82600,3.37K,0.85%
2021-04-25,82800,82800,82800,82800,-,0.00%
2021-04-23,82800,81900,82900,81600,17.74,0.49%
2021-04-22,82400,82800,83000,82400,8.15K,-0.24%
2021-04-21,82600,83400,83500,82500,0.44K,-1.55%
2021-04-20,83900,83300,84000,83200,4.40K,0.72%
2021-04-19,83300,83900,84000,83300,11.08K,-0.72%
2021-04-18,83900,83900,83900,83900,-,0.00%
2021-04-16,83900,84700,84700,83600,15.34,-0.24%
2021-04-15,84100,83700,84500,83400,1.01K,0.12%
2021-04-14,84000,84100,84300,83400,4.37K,0.00%
2021-04-13,84000,83000,84500,82900,1.05K,0.96%
2021-04-12,83200,84000,84100,83100,16.47K,-0.48%
2021-04-11,83600,83600,83600,83600,-,0.00%
2021-04-09,83600,84700,84900,83400,17.79,-1.30%
2021-04-08,84700,85700,85700,84100,19.17,-1.05%
2021-04-07,85600,86100,86200,85400,5.60K,-0.47%
2021-04-06,86000,86100,86200,85100,10.26K,0.70%
2021-04-05,85400,85800,86000,84800,0.84K,0.71%
2021-04-04,84800,84800,84800,84800,-,0.00%
2021-04-02,84800,84000,85200,83900,22.89,2.29%
2021-04-01,82900,82400,83000,82000,0.93K,1.84%
2021-03-31,81400,82100,82100,81400,0.54K,-0.97%
2021-03-30,82200,81600,82300,81300,13.05,0.74%
2021-03-29,81600,81700,81700,81000,9.87K,0.12%
2021-03-28,81500,81500,81500,81500,-,0.00%
2021-03-26,81500,81400,81600,81000,12.73,0.37%
2021-03-25,81200,80900,82100,80800,0.45K,0.25%
2021-03-24,81000,81100,81600,80700,14.93K,-0.98%
2021-03-23,81800,82500,82800,81800,5.98K,-0.24%
2021-03-22,82000,82000,82300,81700,12.55,0.12%
2021-03-21,81900,81900,81900,81900,-,0.00%
2021-03-19,81900,82100,82500,81800,15.69,-1.21%
2021-03-18,82900,82800,83800,82600,2.15K,0.73%
2021-03-17,82300,82800,82800,82100,32.00K,-0.60%
2021-03-16,82800,82300,83000,82100,3.55K,1.22%
2021-03-15,81800,82800,82900,81800,0.40K,-1.21%
2021-03-14,82800,82800,82800,82800,-,0.00%
2021-03-12,82800,83100,83500,82400,13.41,0.98%
2021-03-11,82000,81000,82500,81000,0.96K,1.36%
2021-03-10,80900,82400,82500,80700,8.86K,-0.61%
2021-03-09,81400,81500,81900,80600,1.24K,-0.73%
2021-03-08,82000,83000,83000,81600,6.72K,-0.12%
2021-03-07,82100,82100,82100,82100,-,0.00%
2021-03-05,82100,81100,82600,81100,20.35,-0.36%
2021-03-04,82400,82700,83100,82200,8.75K,-1.90%
2021-03-03,84000,83400,84000,82800,3.80K,0.48%
2021-03-02,83600,85000,85300,83000,7.76K,1.33%
2021-03-01,82500,82500,82500,82500,-,0.00%
2021-02-26,82500,82800,83400,82000,36.72,-3.28%
2021-02-25,85300,84000,85400,83000,6.35K,4.02%
2021-02-24,82000,81900,83600,81400,0.98K,0.00%
2021-02-23,82000,81300,82900,81100,7.03K,-0.24%
2021-02-22,82200,83800,84200,82200,17.48K,-0.48%
2021-02-21,82600,82600,82600,82600,-,0.00%
2021-02-19,82600,82300,82800,81000,25.47,0.61%
2021-02-18,82100,83200,83600,82100,24.28K,-1.32%
2021-02-17,83200,83900,84200,83000,16.79K,-2.00%
2021-02-16,84900,84500,86000,84200,24.26K,0.83%
2021-02-15,84200,83700,84500,83400,0.80K,3.19%
2021-02-14,81600,81600,81600,81600,-,0.00%
2021-02-10,81600,82600,82600,81600,22.58,-1.33%
2021-02-09,82700,84000,84800,82700,5.17K,-0.36%
2021-02-08,83000,83800,84200,83000,2.14K,-0.60%
2021-02-07,83500,83500,83500,83500,-,0.00%
2021-02-05,83500,83100,84000,82500,17.14,1.21%
2021-02-04,82500,83500,83800,82100,2.51K,-2.48%
2021-02-03,84600,84800,85400,83400,8.89K,0.24%
2021-02-02,84400,84100,86300,83700,0.51K,1.69%
2021-02-01,83000,81800,83400,81000,1.45K,1.22%
2021-01-31,82000,82000,82000,82000,-,0.00%
2021-01-29,82000,84500,85000,82000,36.7,-2.03%
2021-01-28,83700,83400,85600,83300,2.27K,-2.22%
2021-01-27,85600,86700,87700,85600,25.96K,-1.27%
2021-01-26,86700,88800,89200,86500,6.49K,-3.02%
2021-01-25,89400,87100,89900,86400,25.11K,3.00%
2021-01-24,86800,86800,86800,86800,-,0.00%
2021-01-22,86800,89000,89700,86800,30.43,-1.48%
2021-01-21,88100,87500,88600,86500,5.95K,1.03%
2021-01-20,87200,88900,88900,86500,3.38K,0.23%
2021-01-19,87000,84600,88000,83600,7.56K,2.35%
2021-01-18,85000,86700,87300,84200,19.68K,-3.41%
2021-01-17,88000,88000,88000,88000,-,0.00%
2021-01-15,88000,89800,91800,88000,33.12,-1.90%
2021-01-14,89700,88800,90000,88700,8.26K,0.00%
2021-01-13,89700,89900,91100,89200,35.22K,-0.99%
2021-01-12,90600,90500,91300,87900,29.49K,-0.44%
2021-01-11,91000,90100,96700,90000,41.26K,2.48%
2021-01-10,88800,88800,88800,88800,-,0.00%
2021-01-08,88800,83300,90000,83000,57.52,7.12%
2021-01-07,82900,82800,84200,82700,32.47,0.85%
2021-01-06,82200,83400,84400,82100,13.53K,-2.03%
2021-01-05,83900,81700,83900,81700,8.14K,1.08%
2021-01-04,83000,81000,84300,80300,24.25K,2.47%
2020-12-30,81000,77400,81300,77300,29.12,3.45%
2020-12-29,78300,78800,78900,77300,12.86K,-0.51%
2020-12-28,78700,79000,80100,78300,31.84K,1.16%
2020-12-27,77800,77800,77800,77800,-,0.00%
2020-12-24,77800,74100,78800,74000,32.32,5.28%
2020-12-23,73900,72300,74000,72300,6.05K,2.21%
2020-12-22,72300,72500,73200,72200,0.89K,-0.96%
2020-12-21,73000,73100,73400,72000,1.65K,0.00%
2020-12-20,73000,73000,73000,73000,-,0.00%
2020-12-18,73000,73300,73700,73000,17.38,-0.41%
2020-12-17,73300,73500,73700,72600,1.69K,-0.68%
2020-12-16,73800,74200,74500,73400,0.66K,0.00%
2020-12-15,73800,73800,74100,73300,20.48,0.00%
2020-12-14,73800,73600,74500,73200,6.44K,0.54%
2020-12-13,73400,73400,73400,73400,-,0.00%
2020-12-11,73400,73500,73800,73100,18.42,0.69%
2020-12-10,72900,72800,73800,72500,0.99K,-1.35%
2020-12-09,73900,72100,73900,72100,5.79K,3.07%
2020-12-08,71700,72300,72900,71600,4.53K,-1.65%
2020-12-07,72900,72400,73500,72000,6.47K,1.96%
2020-12-06,71500,71500,71500,71500,-,0.00%
2020-12-04,71500,70400,72100,70100,27.84,2.58%
2020-12-03,69700,69500,70500,69300,0.22K,0.29%
2020-12-02,69500,68400,69900,68300,27.83,2.51%
2020-12-01,67800,67200,68300,67100,0.26K,1.65%
2020-11-30,66700,68400,68600,66700,39.86,-2.20%
2020-11-29,68200,68200,68200,68200,-,0.00%
2020-11-27,68200,68000,68400,67600,13.93,0.29%
2020-11-26,68000,66300,68000,66100,2.15K,2.10%
2020-11-25,66600,67800,68300,66500,6.03K,-1.62%
2020-11-24,67700,67800,69400,67000,2.23K,0.30%
2020-11-23,67500,64800,67800,64800,1.02K,4.33%
2020-11-22,64700,64700,64700,64700,-,0.00%
2020-11-20,64700,63900,65200,63900,14.84,0.15%
2020-11-19,64600,64200,64800,63900,2.15K,-0.31%
2020-11-18,64800,65700,66100,64700,3.61K,-1.37%
2020-11-17,65700,66900,66900,65700,18.63K,-0.90%
2020-11-16,66300,63900,66600,63900,8.20K,4.91%
2020-11-15,63200,63200,63200,63200,-,0.00%
2020-11-13,63200,61300,63200,61000,31.31,3.61%
2020-11-12,61000,60900,61400,60700,0.55K,-0.49%
2020-11-11,61300,60700,61400,60400,6.56K,1.83%
2020-11-10,60200,60500,60500,59500,7.03K,0.00%
2020-11-09,60200,60700,60900,60100,1.62K,0.17%
2020-11-08,60100,60100,60100,60100,-,0.00%
2020-11-06,60100,60700,60800,59600,16.82,-0.33%
2020-11-05,60300,59000,60300,58800,1.00K,3.08%
2020-11-04,58500,59000,59000,57900,2.49K,-0.51%
2020-11-03,58800,57800,58900,57700,0.14K,2.44%
2020-11-02,57400,56400,57500,56000,1.58K,1.41%
2020-11-01,56600,56600,56600,56600,-,0.00%
2020-10-30,56600,58000,58000,56600,26.28,-2.58%
2020-10-29,58100,58200,58500,57500,16.16K,-1.53%
2020-10-28,59000,59400,59400,58800,0.66K,-1.34%
2020-10-27,59800,60200,60200,59500,0.79K,-0.99%
2020-10-26,60400,60300,61100,60100,2.21K,0.33%
2020-10-25,60200,60200,60200,60200,-,0.00%
2020-10-23,60200,60400,60400,59800,8.43,0.17%
2020-10-22,60100,60400,60500,59800,0.39K,-1.31%
2020-10-21,60900,61100,61500,60600,1.04K,0.00%
2020-10-20,60900,60200,60900,60100,0.33K,1.50%
2020-10-19,60000,59700,60200,59500,10.54K,0.84%
2020-10-18,59500,59500,59500,59500,-,0.00%
2020-10-16,59500,60000,60400,59000,16.03,-0.83%
2020-10-15,60000,60800,60800,59700,4.80K,-1.48%
2020-10-14,60900,61000,61100,60500,1.86K,0.00%
2020-10-13,60900,61000,61400,60400,19.18,0.83%
2020-10-12,60400,60100,60400,59900,0.13K,1.17%
2020-10-11,59700,59700,59700,59700,-,0.00%
2020-10-08,59700,60500,60700,59500,24.4,-0.33%
2020-10-07,59900,58700,59900,58500,0.12K,1.53%
2020-10-06,59000,59400,59800,58700,1.78K,0.51%
2020-10-05,58700,57700,59200,57700,0.14K,0.86%
2020-10-04,58200,58200,58200,58200,-,0.00%
2020-09-29,58200,58300,59000,58200,13.54,0.00%
2020-09-28,58200,58300,58800,57900,12.56,0.52%
2020-09-27,57900,57900,57900,57900,-,0.00%
2020-09-25,57900,57700,58200,57700,10.58,0.17%
2020-09-24,57800,57700,58600,57600,17.49,-1.37%
2020-09-23,58600,58400,58800,57500,5.73K,0.69%
2020-09-22,58200,59200,59700,57800,0.64K,-1.69%
2020-09-21,59200,59100,60000,59000,14.95,-0.17%
2020-09-20,59300,59300,59300,59300,-,0.00%
2020-09-18,59300,59800,59900,59100,18.63,-0.34%
2020-09-17,59500,60600,60800,59300,11.07K,-2.46%
2020-09-16,61000,61100,61300,60600,7.27K,0.00%
2020-09-15,61000,60800,61000,60500,2.07K,0.99%
2020-09-14,60400,60300,60700,60000,0.71K,2.37%
2020-09-13,59000,59000,59000,59000,-,0.00%
2020-09-11,59000,59300,59400,58200,15.93,-0.34%
2020-09-10,59200,59800,60000,59100,7.50K,1.37%
2020-09-09,58400,58300,59300,57800,1.88K,-0.51%
2020-09-08,58700,57400,58700,57200,24.53K,3.89%
2020-09-07,56500,56000,57300,55800,0.24K,1.62%
2020-09-06,55600,55600,55600,55600,-,0.00%
2020-09-04,55600,55200,55800,55100,21.98,-1.42%
2020-09-03,56400,55500,56700,55500,6.65K,3.68%
2020-09-02,54400,54600,55100,54100,0.69K,0.37%
2020-09-01,54200,54100,54800,54100,17.39,0.37%
2020-08-31,54000,56000,56100,54000,2.27K,-2.53%
2020-08-30,55400,55400,55400,55400,-,0.00%
2020-08-28,55400,56100,56300,55400,14.53,-0.36%
2020-08-27,55600,56300,56300,55600,1.82K,-1.42%
2020-08-26,56400,56300,56500,55700,3.55K,0.00%
2020-08-25,56400,56500,56800,56100,1.55K,0.53%
2020-08-24,56100,55800,56600,55400,0.21K,0.36%
2020-08-23,55900,55900,55900,55900,-,0.00%
2020-08-21,55900,56200,56900,55800,21.09,0.90%
2020-08-20,55400,57600,57600,55300,3.81K,-4.15%
2020-08-19,57800,59000,59200,57800,18.42K,-1.03%
2020-08-18,58400,59000,59900,58000,1.64K,0.69%
2020-08-17,58000,58000,58000,58000,-,0.00%
2020-08-14,58000,58000,58400,57700,15.6,-1.19%
2020-08-13,58700,59300,59500,58000,11.01K,-0.51%
2020-08-12,59000,58300,59000,57700,1.60K,1.37%
2020-08-11,58200,58000,59500,57800,52.17K,0.69%
2020-08-10,57800,57600,58300,57500,1.18K,0.52%
2020-08-09,57500,57500,57500,57500,-,0.00%
2020-08-07,57500,57900,58400,57100,18.16,-0.86%
2020-08-06,58000,57200,58400,57100,7.87K,1.93%
2020-08-05,56900,57400,57400,56300,6.31K,-0.70%
2020-08-04,57300,57200,58100,57000,1.92K,0.88%
2020-08-03,56800,57900,57900,56700,0.40K,-1.90%
2020-08-02,57900,57900,57900,57900,-,0.00%
2020-07-31,57900,59500,59600,57700,21.86,-1.86%
2020-07-30,59000,59700,60100,59000,4.60K,0.00%
2020-07-29,59000,60300,60300,58600,1.24K,0.68%
2020-07-28,58600,56800,58800,56400,64.78K,5.40%
2020-07-27,55600,54400,55700,54400,2.47K,2.58%
2020-07-26,54200,54200,54200,54200,-,0.00%
2020-07-24,54200,54000,54400,53700,10.91,0.18%
2020-07-23,54100,54700,54700,53800,15.91,-1.10%
2020-07-22,54700,55300,55500,54700,3.04K,-1.08%
2020-07-21,55300,55100,55400,54800,5.85K,2.03%
2020-07-20,54200,54700,54800,54100,0.94K,-0.37%
2020-07-19,54400,54400,54400,54400,-,0.00%
2020-07-17,54400,54200,54700,54100,10.04,1.12%
2020-07-16,53800,54800,54800,53800,3.29K,-1.65%
2020-07-15,54700,54400,55000,54400,1.39K,1.67%
2020-07-14,53800,53700,53800,53200,0.46K,0.75%
2020-07-13,53400,53500,53700,53300,5.33K,1.33%
2020-07-10,52700,53100,53200,52300,13.65,-0.19%
2020-07-09,52800,53300,53600,52800,2.64K,-0.38%
2020-07-08,53000,53600,53900,52900,0.22K,-0.75%
2020-07-07,53400,55900,55900,53400,13.78K,-2.91%
2020-07-06,55000,53900,55000,53800,0.50K,2.61%
2020-07-05,53600,53600,53600,53600,-,0.00%
2020-07-03,53600,53000,53600,52700,11.82,1.32%
2020-07-02,52900,52300,52900,52200,0.55K,0.57%
2020-07-01,52600,53400,53500,52400,1.58K,-0.38%
2020-06-30,52800,53800,53800,52800,0.04K,0.76%
2020-06-29,52400,52600,53200,52000,0.06K,-1.69%
2020-06-28,53300,53300,53300,53300,-,0.00%
2020-06-26,53300,52800,53900,52200,21.42,2.70%
2020-06-25,51900,52200,53000,51900,0.06K,-1.89%
2020-06-24,52900,51900,53900,51600,2.28K,2.92%
2020-06-23,51400,52500,52700,51100,1.70K,-1.15%
2020-06-22,52000,52100,52600,51800,0.06K,-1.70%
2020-06-21,52900,52900,52900,52900,-,0.00%
2020-06-19,52900,52600,52900,51600,17.47,1.15%
2020-06-18,52300,52100,52300,51600,4.82K,0.19%
2020-06-17,52200,52500,52600,52000,22.81K,0.19%
2020-06-16,52100,51200,52100,50600,21.42,4.41%
2020-06-15,49900,51400,52000,49900,1.70K,-4.59%
2020-06-14,52300,52300,52300,52300,-,0.00%
2020-06-12,52300,52100,52800,51500,26.38,-3.68%
2020-06-11,54300,54500,55100,53200,1.17K,-1.99%
2020-06-10,55400,55200,55900,54900,6.58K,-0.18%
2020-06-09,55500,55900,56400,54500,12.26K,1.09%
2020-06-08,54900,56500,56500,54700,0.50K,-1.08%
2020-06-07,55500,55500,55500,55500,-,0.00%
2020-06-05,55500,54400,55900,54000,22.4,1.65%
2020-06-04,54600,55800,56900,54600,4.92K,0.18%
2020-06-03,54500,51800,55000,51700,4.73K,6.03%
2020-06-02,51400,51100,51500,50800,0.12K,0.39%
2020-06-01,51200,50800,51200,50600,35.32K,0.99%
2020-05-31,50700,50700,50700,50700,-,0.00%
2020-05-29,50700,50000,50700,49700,26.33,0.60%
2020-05-28,50400,51000,51200,49950,2.43K,1.00%
2020-05-27,49900,48950,50000,48800,1.96K,1.32%
2020-05-26,49250,48700,49450,48600,15.73K,0.82%
2020-05-25,48850,48750,48900,48450,1.22K,0.21%
2020-05-24,48750,48750,48750,48750,-,0.00%
2020-05-22,48750,49600,49800,48600,19.29,-2.40%
2020-05-21,49950,50300,50400,49850,14.58,-0.10%
2020-05-20,50000,50000,50200,49800,12.86,-0.60%
2020-05-19,50300,50100,50500,49700,8.24K,3.07%
2020-05-18,48800,47950,49100,47600,0.21K,1.99%
2020-05-17,47850,47850,47850,47850,-,0.00%
2020-05-15,47850,48400,48450,47700,17.79,-0.31%
2020-05-14,48000,47800,48100,47650,5.42K,-1.13%
2020-05-13,48550,47250,48550,47200,26.96K,1.36%
2020-05-12,47900,48400,48500,47550,22.07,-1.03%
2020-05-11,48400,48900,49250,48300,15.94,-0.82%
2020-05-10,48800,48800,48800,48800,-,0.00%
2020-05-08,48800,49100,49350,48800,15.13,0.00%
2020-05-07,48800,49200,49300,48700,13.73,-0.81%
2020-05-06,49200,49000,49200,48500,18,1.44%
2020-05-05,48500,48500,48500,48500,-,0.00%
2020-05-04,48500,48900,49100,48500,25.8,-3.00%
2020-05-03,50000,50000,50000,50000,-,0.00%
2020-04-29,50000,49900,50500,49600,15.56,-0.20%
2020-04-28,50100,49850,50100,49300,15.69,0.50%
2020-04-27,49850,49350,50000,49100,13.74,1.01%
2020-04-26,49350,49350,49350,49350,-,0.00%
2020-04-24,49350,49650,49750,49000,15.56,-1.00%
2020-04-23,49850,50200,50300,49500,17.93,0.00%
2020-04-22,49850,48700,50000,48350,18.54,1.22%
2020-04-21,49250,49400,49700,48700,26.89,-1.70%
2020-04-20,50100,51400,51400,50000,21.58,-2.53%
2020-04-19,51400,51400,51400,51400,-,0.00%
2020-04-17,51400,50800,52000,50300,31.74,4.90%
2020-04-16,49000,49350,49350,48550,22.57,0.00%
2020-04-15,49000,49000,49000,49000,-,0.00%
2020-04-14,49000,48800,49200,48300,14.1,1.45%
2020-04-13,48300,48650,48900,48300,14.38,-1.93%
2020-04-12,49250,49250,49250,49250,-,0.00%
2020-04-10,49250,48950,49250,48650,17.79,0.31%
2020-04-09,49100,49750,49800,48700,22.47,1.03%
2020-04-08,48600,49600,49750,48600,24.87,-2.02%
2020-04-07,49600,49650,50200,49000,31.24,1.85%
2020-04-06,48700,47500,48800,47250,23.09,3.62%
2020-04-05,47000,47000,47000,47000,-,0.00%
2020-04-03,47000,47400,47600,46550,22.46,0.43%
2020-04-02,46800,46200,46850,45350,21.41,2.18%
2020-04-01,45800,47450,47900,45800,27.08,-4.08%
2020-03-31,47750,48000,48500,47150,30.48,-0.21%
2020-03-30,47850,47050,48350,46550,26.67,-0.93%
2020-03-29,48300,48300,48300,48300,-,0.00%
2020-03-27,48300,49600,49700,46850,39.73,1.05%
2020-03-26,47800,48950,49300,47750,3.39K,-1.75%
2020-03-25,48650,48950,49600,47150,45.01K,3.62%
2020-03-24,46950,43800,46950,43100,0.89K,10.47%
2020-03-23,42500,42600,43550,42400,29.15K,-6.39%
2020-03-22,45400,45400,45400,45400,-,0.00%
2020-03-20,45400,44150,45500,43550,49.16,5.70%
2020-03-19,42950,46500,46600,42300,0.64K,-5.81%
2020-03-18,45600,47750,48350,45600,38.15,-3.59%
2020-03-17,47300,46900,49650,46700,50.59,-3.27%
2020-03-16,48900,50100,50900,48800,33.06,-2.10%
2020-03-15,49950,49950,49950,49950,-,0.00%
2020-03-13,49950,47450,51600,46850,58.33,-1.67%
2020-03-12,50800,51000,51900,49300,47.9,-2.50%
2020-03-11,52100,54300,54400,52000,37.83,-4.58%
2020-03-10,54600,53800,54900,53700,31.33,0.74%
2020-03-09,54200,54700,55000,53600,30.01,-4.07%
2020-03-08,56500,56500,56500,56500,-,0.00%
2020-03-06,56500,56500,57200,56200,18.59,-2.25%
2020-03-05,57800,57600,58000,56700,21.66,0.70%
2020-03-04,57400,54800,57600,54600,24.32,3.61%
2020-03-03,55400,56700,56900,55100,29.81,0.73%
2020-03-02,55000,54300,55500,53600,29.21,1.48%
2020-03-01,54200,54200,54200,54200,-,0.00%
2020-02-28,54200,55000,55500,54200,29.91,-3.04%
2020-02-27,55900,56300,56900,55500,22.36,-1.06%
2020-02-26,56500,56000,57000,56000,25.38,-2.42%
2020-02-25,57900,56200,58000,56200,23.07,1.94%
2020-02-24,56800,57400,58100,56800,25.36,-4.05%
2020-02-23,59200,59200,59200,59200,-,0.00%
2020-02-21,59200,58800,59800,58500,13.28,-1.33%
2020-02-20,60000,60700,61300,59600,14.51,-0.33%
2020-02-19,60200,59800,60400,59400,12.94,0.67%
2020-02-18,59800,60800,60900,59700,16.63,-2.76%
2020-02-17,61500,61600,62000,61200,8.49,-0.49%
2020-02-16,61800,61800,61800,61800,-,0.00%
2020-02-14,61800,60900,61900,60200,13.26,1.81%
2020-02-13,60700,61200,61600,60500,18.34,0.33%
2020-02-12,60500,60300,60700,59700,12.73,1.00%
2020-02-11,59900,59800,60700,59700,10.95,0.34%
2020-02-10,59700,59200,59800,59100,12.69,-1.16%
2020-02-09,60400,60400,60400,60400,-,0.00%
2020-02-07,60400,61100,61200,59700,16.27,-1.15%
2020-02-06,61100,60100,61100,59700,14.68,2.69%
2020-02-05,59500,60000,60200,58900,18.19,1.02%
2020-02-04,58900,57100,59000,56800,21.1,2.97%
2020-02-03,57200,55500,57400,55200,22.91,1.42%
2020-02-02,56400,56400,56400,56400,-,0.00%
2020-01-31,56400,57800,58400,56400,19.49,-1.40%
2020-01-30,57200,58800,58800,56800,20.72,-3.21%
2020-01-29,59100,59100,59700,58800,16.26,0.51%
2020-01-28,58800,59400,59400,58300,22.63,-3.29%
2020-01-27,60800,60800,60800,60800,-,0.00%
2020-01-23,60800,61800,61800,60700,14.88,-2.41%
2020-01-22,62300,60500,62600,60400,15.05,1.47%
2020-01-21,61400,62000,62400,61200,11.11,-1.60%
2020-01-20,62400,62000,62800,61700,12.46,1.79%
2020-01-19,61300,61300,61300,61300,-,0.00%
2020-01-17,61300,61900,62000,61000,15.45,0.99%
2020-01-16,60700,59100,60700,59000,13.56,2.88%
2020-01-15,59000,59500,59600,58900,13.72,-1.67%
2020-01-14,60000,60400,61000,59900,16.08,0.00%
2020-01-13,60000,59600,60000,59100,11.26,0.84%
2020-01-12,59500,59500,59500,59500,-,0.00%
2020-01-10,59500,58800,59700,58300,15.83,1.54%
2020-01-09,58600,58400,58600,57400,23.23,3.17%
2020-01-08,56800,56200,57400,55900,23.33,1.79%
2020-01-07,55800,55700,56400,55600,9.89,0.54%
2020-01-06,55500,54900,55600,54600,10.24,0.00%
2020-01-05,55500,55500,55500,55500,-,0.00%
2020-01-03,55500,56000,56600,54900,15.31,0.54%
2020-01-02,55200,55500,56000,55000,12.76,-1.08%
2019-12-30,55800,56200,56600,55700,8.35,-1.24%
2019-12-29,56500,56500,56500,56500,-,0.00%
2019-12-27,56500,55700,56900,55500,12.29,1.99%
2019-12-26,55400,54700,55400,54400,9.57,0.73%
2019-12-25,55000,55000,55000,55000,-,0.00%
2019-12-24,55000,55600,55700,54800,9.19,-0.90%
2019-12-23,55500,56100,56400,55100,9.49,-0.89%
2019-12-22,56000,56000,56000,56000,-,0.00%
2019-12-20,56000,56100,56500,55600,12.07,0.00%
2019-12-19,56000,57000,57300,55500,13.95,-0.53%
2019-12-18,56300,56700,57200,56000,15.49,-0.71%
2019-12-17,56700,55800,56700,55400,18.75,3.66%
2019-12-16,54700,54500,54900,54300,11.1,0.00%
2019-12-15,54700,54700,54700,54700,-,0.00%
2019-12-13,54700,54500,54800,53900,17.59,2.63%
2019-12-12,53300,53000,53300,52700,28.45,2.70%
2019-12-11,51900,51500,52200,51400,11,0.78%
2019-12-10,51500,51000,51600,50700,6.87,0.59%
2019-12-09,51200,50900,51400,50700,8.27,1.59%
2019-12-08,50400,50400,50400,50400,-,0.00%
2019-12-06,50400,50100,50900,49950,10.87,1.82%
2019-12-05,49500,50200,50400,49500,10.02,0.10%
2019-12-04,49450,49600,49850,49000,12.96,-0.90%
2019-12-03,49900,49800,50300,49500,12,-0.99%
2019-12-02,50400,50900,51300,50400,9.59,0.20%
2019-12-01,50300,50300,50300,50300,-,0.00%
2019-11-29,50300,51200,51400,50200,11.01,-1.95%
2019-11-28,51300,51900,52100,51300,6.15,-1.72%
2019-11-27,52200,51800,52300,51600,7.19,0.77%
2019-11-26,51800,51900,52900,51800,26.04,0.00%
2019-11-25,51800,52200,52600,51700,9.01,0.39%
2019-11-22,51600,51000,51600,50900,8.33,1.18%
2019-11-21,51000,51600,52100,50600,14.25,-1.92%
2019-11-20,52000,53400,53400,52000,11.83,-2.80%
2019-11-19,53500,53200,53500,52700,8.1,0.00%
2019-11-18,53500,53600,53800,53200,7.65,-0.37%
2019-11-17,53700,53700,53700,53700,-,0.00%
2019-11-15,53700,52900,53700,52600,9.68,1.70%
2019-11-14,52800,51900,52800,51900,12,0.57%
2019-11-13,52500,52500,52500,52000,6.22,-0.19%
2019-11-12,52600,51800,52600,51600,6.1,1.94%
2019-11-11,51600,52200,52200,51400,8.18,-0.96%
2019-11-10,52100,52100,52100,52100,-,0.00%
2019-11-08,52100,53200,53300,52000,10.39,-1.51%
2019-11-07,52900,53400,53400,52400,9.14,-0.75%
2019-11-06,53300,52900,53500,52700,13.12,1.14%
2019-11-05,52700,52400,52700,52100,10.12,0.76%
2019-11-04,52300,51700,52300,51400,12.76,2.15%
2019-11-03,51200,51200,51200,51200,-,0.00%
2019-11-01,51200,50600,51200,50400,7.54,1.59%
2019-10-31,50400,51000,51400,50300,10.21,0.00%
2019-10-30,50400,50700,50800,50200,8.87,-1.37%
2019-10-29,51100,51400,51700,50800,7.14,-0.39%
2019-10-28,51300,50700,51500,50700,6.34,0.79%
2019-10-27,50900,50900,50900,50900,-,0.00%
2019-10-25,50900,50800,51200,50500,7.84,0.39%
2019-10-24,50700,52500,52500,50500,10.77,-0.98%
2019-10-23,51200,51300,51500,50800,8.46,0.00%
2019-10-22,51200,50800,51500,50700,10.71,1.79%
2019-10-21,50300,49900,50400,49800,4.39,0.80%
2019-10-20,49900,49900,49900,49900,-,0.00%
2019-10-18,49900,50300,50900,49650,8.4,-1.19%
2019-10-17,50500,50500,50600,50100,6.61,-0.39%
2019-10-16,50700,50700,50900,50400,9.01,1.20%
2019-10-15,50100,49900,50200,49900,5.9,0.20%
2019-10-14,50000,50000,50300,49850,10.87,1.73%
2019-10-13,49150,49150,49150,49150,-,0.00%
2019-10-11,49150,49000,49450,48800,7.73,1.24%
2019-10-10,48550,48200,49200,48000,17.84,-0.72%
2019-10-09,48900,48900,48900,48900,-,0.00%
2019-10-08,48900,47900,49000,47600,13.29,2.41%
2019-10-07,47750,48350,48700,47650,6.47,-0.52%
2019-10-06,48000,48000,48000,48000,-,0.00%
2019-10-04,48000,47400,48650,47350,8.46,0.84%
2019-10-03,47600,47600,47600,47600,-,0.00%
2019-10-02,47600,48350,48400,47600,8.37,-2.56%
2019-10-01,48850,48900,49100,48650,6.2,-0.41%
2019-09-30,49050,48050,49250,47900,9.2,1.34%
2019-09-29,48400,48400,48400,48400,-,0.00%
2019-09-27,48400,48000,48700,48000,8.03,-1.63%
2019-09-26,49200,49000,49250,48900,8.36,0.61%
2019-09-25,48900,49200,49350,48800,9.11,-1.21%
2019-09-24,49500,49050,49650,48850,7.84,0.41%
2019-09-23,49300,49250,49300,49000,7.4,0.20%
2019-09-22,49200,49200,49200,49200,-,0.00%
2019-09-20,49200,49400,49600,49100,14.91,0.10%
2019-09-19,49150,48050,49200,47850,15.19,3.04%
2019-09-18,47700,46900,47700,46800,9.82,1.71%
2019-09-17,46900,47000,47100,46800,5.99,-0.42%
2019-09-16,47100,47000,47100,46400,11.99,-0.11%
2019-09-15,47150,47150,47150,47150,-,0.00%
2019-09-11,47150,47300,47400,46800,16.12,0.32%
2019-09-10,47000,47100,47200,46550,9.16,0.21%
2019-09-09,46900,46450,47000,46300,9.17,1.30%
2019-09-08,46300,46300,46300,46300,-,0.00%
2019-09-06,46300,46500,46500,45850,9.7,1.31%
2019-09-05,45700,44800,46100,44450,17.82,3.63%
2019-09-04,44100,43250,44100,43150,11.48,1.97%
2019-09-03,43250,43550,43650,43100,8.52,-1.26%
2019-09-02,43800,44850,44850,43650,7.11,-0.45%
2019-09-01,44000,44000,44000,44000,-,0.00%
2019-08-30,44000,43750,44300,43750,8.78,1.38%
2019-08-29,43400,44200,44200,43050,10.13,-1.70%
2019-08-28,44150,44100,44400,43750,5.75,0.23%
2019-08-27,44050,43650,44200,43600,16.31,1.03%
2019-08-26,43600,43050,43800,42950,7.94,-0.80%
2019-08-25,43950,43950,43950,43950,-,0.00%
2019-08-23,43950,43800,44200,43650,4.64,-0.23%
2019-08-22,44050,44500,44700,43850,8.05,-1.01%
2019-08-21,44500,44350,44800,44150,6.52,0.11%
2019-08-20,44450,43950,44600,43550,8.41,1.95%
2019-08-19,43600,44350,44350,43500,5.97,-0.68%
2019-08-18,43900,43900,43900,43900,-,0.00%
2019-08-16,43900,43800,43900,43300,9.45,0.46%
2019-08-15,43700,43700,43700,43700,-,0.00%
2019-08-14,43700,43900,44250,43500,8.5,1.63%
2019-08-13,43000,43500,43500,42950,6.96,-1.60%
2019-08-12,43700,44000,44000,43550,7.27,1.27%
2019-08-11,43150,43150,43150,43150,-,0.00%
2019-08-09,43150,43250,43350,43050,9.08,1.17%
2019-08-08,42650,43250,43500,42650,16,-1.27%
2019-08-07,43200,43600,43900,43100,9.99,-0.69%
2019-08-06,43500,42500,43800,42500,15.06,-1.02%
2019-08-05,43950,44350,44600,43600,13.32,-2.22%
2019-08-04,44950,44950,44950,44950,-,0.00%
2019-08-02,44950,44550,45500,44300,11.82,-0.55%
2019-08-01,45200,44900,45500,44850,7.74,-0.33%
2019-07-31,45350,46200,46600,45000,12.82,-2.58%
2019-07-30,46550,46300,46850,46300,5.51,0.98%
2019-07-29,46100,46800,47050,46000,6.85,-2.23%
2019-07-28,47150,47150,47150,47150,-,0.00%
2019-07-26,47150,46650,47150,46550,7.67,-0.11%
2019-07-25,47200,47150,47200,46600,8.38,1.72%
2019-07-24,46400,47100,47150,46250,8.34,-1.90%
2019-07-23,47300,47350,47550,47050,8.9,0.21%
2019-07-22,47200,46800,47300,46600,9.01,0.85%
2019-07-21,46800,46800,46800,46800,-,0.00%
2019-07-19,46800,46650,46950,46600,7.98,1.52%
2019-07-18,46100,46450,46450,45650,4.95,0.11%
2019-07-17,46050,46150,46350,45950,5.21,-1.71%
2019-07-16,46850,46450,46850,46300,7.21,0.86%
2019-07-15,46450,45950,46650,45750,4.71,0.32%
2019-07-14,46300,46300,46300,46300,-,0.00%
2019-07-12,46300,46350,46400,45800,5.12,0.22%
2019-07-11,46200,46350,46550,46150,10.85,1.43%
2019-07-10,45550,45550,46150,45500,9.17,1.00%
2019-07-09,45100,44850,45450,44700,7.63,1.58%
2019-07-08,44400,44750,44800,44350,7.81,-2.74%
2019-07-05,45650,45950,45950,45250,7.22,-0.76%
2019-07-04,46000,45250,46200,45250,6.36,1.32%
2019-07-03,45400,45750,46350,45200,9.66,-1.84%
2019-07-02,46250,46200,46900,45850,8.43,-0.75%
2019-07-01,46600,47350,47400,46250,11.03,-0.85%
2019-06-30,47000,47000,47000,47000,-,0.00%
2019-06-28,47000,47000,47000,46700,12.25,1.08%
2019-06-27,46500,46000,46600,45750,12.58,1.75%
2019-06-26,45700,45800,46000,45600,9.02,0.22%
2019-06-25,45600,45200,45800,45200,6.87,0.22%
2019-06-24,45500,45200,45800,45200,6.07,-0.44%
2019-06-23,45700,45700,45700,45700,-,0.00%
2019-06-21,45700,45750,45800,45200,9.32,0.44%
2019-06-20,45500,44850,45500,44850,6.76,0.33%
2019-06-19,45350,45450,45450,45000,9.36,2.25%
2019-06-18,44350,43750,44500,43650,7.98,1.03%
2019-06-17,43900,43750,44050,43400,7.36,-0.23%
2019-06-16,44000,44000,44000,44000,-,0.00%
2019-06-14,44000,43750,44150,43300,8.31,0.57%
2019-06-13,43750,44200,44400,43400,16.89,-1.91%
2019-06-12,44600,44800,45050,44300,8.55,-0.56%
2019-06-11,44850,44800,45000,44550,6.63,0.11%
2019-06-10,44800,44300,44850,44050,8.62,1.36%
2019-06-07,44200,43600,44350,43450,11.62,0.68%
2019-06-05,43900,44050,44200,43700,10.82,1.04%
2019-06-04,43450,43400,43700,43000,9.87,-0.80%
2019-06-03,43800,42950,43900,42500,15.08,3.06%
2019-05-31,42500,42600,42800,42150,10.21,-0.12%
2019-05-30,42550,42200,42700,42150,9.98,1.79%
2019-05-29,41800,41850,42100,41300,14.52,-1.76%
2019-05-28,42550,42550,42950,42150,22.59,-0.23%
2019-05-27,42650,42500,43000,42350,7.44,-0.12%
2019-05-24,42700,43800,43800,42400,13.34,-2.62%
2019-05-23,43850,43900,44000,43250,12.19,0.80%
2019-05-22,43500,43700,43800,42400,10.7,0.81%
2019-05-21,43150,42600,43950,42350,18.69,2.74%
2019-05-20,42000,41650,42100,41550,13.11,1.94%
2019-05-17,41200,41950,42050,40850,12.29,-0.84%
2019-05-16,41550,42350,42400,41350,13.62,-2.35%
2019-05-15,42550,42700,43050,42550,7.66,-0.23%
2019-05-14,42650,41300,43100,41300,11.54,0.00%
2019-05-13,42650,42500,43200,42350,7.62,-0.58%
2019-05-10,42900,42600,43450,42450,13.51,1.06%
2019-05-09,42450,43900,44250,42450,22.04,-4.07%
2019-05-08,44250,44300,44850,44200,10.04,-1.34%
2019-05-07,44850,45250,45300,44400,11.96,-0.99%
2019-05-03,45300,45900,46050,45300,6.54,-1.31%
2019-05-02,45900,45500,46150,45400,8.62,0.11%
2019-04-30,45850,46000,46300,45350,10.16,-0.65%
2019-04-29,46150,45150,46150,45100,8.48,2.90%
2019-04-26,44850,44200,45000,43800,9.37,0.45%
2019-04-25,44650,44250,45000,44100,9.52,-0.22%
2019-04-24,44750,45400,45650,44150,12.18,-1.00%
2019-04-23,45200,45050,45500,45000,6.88,-0.33%
2019-04-22,45350,45400,45900,45100,5.9,0.11%
2019-04-19,45300,45750,46000,45250,8.35,-0.66%
2019-04-18,45600,47200,47250,45500,10.83,-3.08%
2019-04-17,47050,47300,47600,47000,5.47,-0.42%
2019-04-16,47250,47400,47400,46800,7.62,0.43%
2019-04-15,47050,47150,47500,47000,8.72,0.43%
2019-04-12,46850,46050,46900,46000,7.65,1.30%
2019-04-11,46250,46700,46800,46150,13.62,-0.96%
2019-04-10,46700,46400,46700,46050,10.35,0.11%
2019-04-09,46650,46700,46950,46200,6.88,0.00%
2019-04-08,46650,47250,47250,46150,8.49,-0.43%
2019-04-05,46850,46950,47550,46600,8.53,-0.21%
2019-04-04,46950,46150,47100,46150,11.44,0.75%
2019-04-03,46600,46750,46750,45800,12,1.86%
2019-04-02,45750,45550,46100,45350,8.9,1.55%
2019-04-01,45050,45200,45450,44850,6.79,0.90%
2019-03-29,44650,44500,44900,44200,11,-0.45%
2019-03-28,44850,44950,45200,44300,6.81,-1.10%
2019-03-27,45350,44750,45600,44250,9.32,0.22%
2019-03-26,45250,45500,45700,44900,9.65,-0.55%
2019-03-25,45500,45300,45650,44800,8.68,-2.26%
2019-03-22,46550,46850,47000,46250,12.49,1.53%
2019-03-21,45850,44600,46250,44050,21.03,4.09%
2019-03-20,44050,43800,44200,43100,9.83,0.34%
2019-03-19,43900,43750,43900,43550,7.6,0.46%
2019-03-18,43700,43950,44150,43450,8.16,-1.13%
2019-03-15,44200,43800,44250,43700,14.61,0.80%
2019-03-14,43850,43700,44300,43550,18.02,0.00%
2019-03-13,43850,44250,44450,43700,8.1,-1.79%
2019-03-12,44650,44300,44950,44150,10.83,2.29%
2019-03-11,43650,44400,44450,43650,8.51,-0.34%
2019-03-08,43800,44450,44800,43800,7.7,-1.46%
2019-03-07,44450,43400,44950,43400,10.99,1.02%
2019-03-06,44000,44000,44300,43700,9.95,-0.56%
2019-03-05,44250,44600,45100,44150,10.5,-1.34%
2019-03-04,44850,46000,46100,44800,12.67,-0.55%
2019-02-28,45100,46400,46500,45100,23.5,-3.53%
2019-02-27,46750,47000,47250,46750,7.69,0.00%
2019-02-26,46750,47350,47450,46500,7.98,-1.27%
2019-02-25,47350,47400,47550,47050,7.46,0.42%
2019-02-22,47150,46500,47150,46450,6.67,0.43%
2019-02-21,46950,46500,47200,46200,8.45,0.11%
2019-02-20,46900,46750,47100,46500,11.22,2.07%
2019-02-19,45950,45850,46150,45450,6.73,-0.54%
2019-02-18,46200,46500,46850,45850,8.17,0.33%
2019-02-15,46050,46750,46850,45650,10.54,-3.05%
2019-02-14,47500,46600,47500,46150,17.12,2.81%
2019-02-13,46200,46400,46700,46000,11.29,0.33%
2019-02-12,46050,44650,46250,44650,12.99,2.33%
2019-02-11,45000,44500,45000,44250,10.23,0.45%
2019-02-08,44800,45700,45700,44650,12.49,-3.03%
2019-02-07,46200,46800,47100,46200,15.64,-0.32%
2019-02-01,46350,46650,46950,46250,13.63,0.43%
2019-01-31,46150,46650,47050,46150,21.47,-0.54%
2019-01-30,46400,44800,46400,44800,17.06,1.98%
2019-01-29,45500,45050,45500,44350,15.05,1.00%
2019-01-28,45050,45000,45500,44600,17.6,0.67%
2019-01-25,44750,44300,44750,43750,21.94,3.95%
2019-01-24,43050,43050,43100,42350,14.17,2.50%
2019-01-23,42000,41350,42250,41350,10.38,-0.36%
2019-01-22,42150,42750,42850,41850,9.91,-1.40%
2019-01-21,42750,42700,42750,41900,11.34,1.06%
2019-01-18,42300,42000,42400,41950,9.73,0.83%
2019-01-17,41950,41700,42100,41450,11.57,1.21%
2019-01-16,41450,41150,41450,40700,8.48,0.85%
2019-01-15,41100,40050,41100,39850,11.22,2.62%
2019-01-14,40050,40450,40700,39850,11.98,-1.11%
2019-01-11,40500,40350,40550,39950,11.23,1.76%
2019-01-10,39800,40000,40150,39600,14.33,0.51%
2019-01-09,39600,38650,39600,38300,16.96,3.94%
2019-01-08,38100,38000,39200,37950,12.64,-1.68%
2019-01-07,38750,38000,38900,37800,11.94,3.47%
2019-01-04,37450,37450,37600,36850,13.3,-0.40%
2019-01-03,37600,38300,38550,37450,12.44,-2.97%
2019-01-02,38750,39400,39400,38550,7.79,0.13%
2018-12-28,38700,38250,38900,38200,9.72,1.18%
2018-12-27,38250,38700,38800,38100,10.46,-0.26%
2018-12-26,38350,38400,38750,38300,12.61,-1.16%
2018-12-24,38800,38500,39050,38300,9.72,0.39%
2018-12-21,38650,38200,38650,38100,14.04,0.00%
2018-12-20,38650,38600,39100,38500,10.56,-1.15%
2018-12-19,39100,38900,39350,38850,9.51,0.51%
2018-12-18,38900,38300,39200,38300,10.79,-0.64%
2018-12-17,39150,38650,39600,38650,11.44,0.51%
2018-12-14,38950,40200,40200,38700,18.81,-2.63%
2018-12-13,40000,40650,40750,40000,22.7,-1.11%
2018-12-12,40450,40250,40700,40150,10.61,0.50%
2018-12-11,40250,40600,40700,40200,10.6,0.12%
2018-12-10,40200,40450,40650,40000,13.29,-1.83%
2018-12-07,40950,40900,41400,40850,11.41,1.11%
2018-12-06,40500,40600,41100,40450,14.06,-2.29%
2018-12-05,41450,40900,41750,40850,12.03,-1.66%
2018-12-04,42150,42650,42900,41900,13.97,-2.54%
2018-12-03,43250,42750,43400,42400,11.62,3.35%
2018-11-30,41850,43450,44000,41750,19.08,-3.01%
2018-11-29,43150,43850,43850,42900,8.44,0.00%
2018-11-28,43150,42800,43200,42750,6.86,0.23%
2018-11-27,43050,42900,43100,42500,8.15,1.06%
2018-11-26,42600,42150,42800,42100,5.96,0.71%
2018-11-25,42300,42250,42350,42250,-,-0.24%
2018-11-23,42400,42450,42600,41900,5.18,-0.12%
2018-11-22,42450,42000,42650,42000,5.95,0.83%
2018-11-21,42100,41800,42300,41800,10.68,-1.64%
2018-11-20,42800,42450,43000,42100,9.32,-1.95%
2018-11-19,43650,44050,44250,43450,7.5,-0.34%
2018-11-18,43800,44000,44000,43800,-,-0.45%
2018-11-16,44000,44600,44750,43700,7.75,-0.56%
2018-11-15,44250,44050,44350,43500,5.85,0.34%
2018-11-14,44100,44500,44500,43800,6.56,-0.90%
2018-11-13,44500,43900,44500,43400,9.02,-1.55%
2018-11-12,45200,43850,45250,43700,8.49,3.20%
2018-11-11,43800,43900,43900,43800,-,-1.13%
2018-11-09,44300,44450,44850,43900,7.19,0.57%
2018-11-08,44050,44900,45050,44050,12.32,0.11%
2018-11-07,44000,43600,44500,43400,11.54,0.57%
2018-11-06,43750,43750,43800,42950,7.36,-0.11%
2018-11-05,43800,43750,43800,42900,9.18,0.23%
2018-11-04,43700,43800,43800,43700,-,-1.02%
2018-11-02,44150,43050,44250,42800,16.5,4.74%
2018-11-01,42150,42450,42950,42150,12.92,-0.59%
2018-10-31,42400,42900,43350,41700,16.99,0.12%
2018-10-30,42350,41400,43000,41000,14.19,2.29%
2018-10-29,41400,40850,41950,40550,13.03,0.98%
2018-10-26,41000,41100,41300,40400,14,0.00%
2018-10-25,41000,40600,41550,40550,18.58,-3.64%
2018-10-24,42550,43050,43100,42250,13.49,-1.16%
2018-10-23,43050,43300,43450,42550,9.44,-1.15%
2018-10-22,43550,43450,43950,43200,7.79,0.23%
2018-10-21,43450,43400,43450,43400,-,-1.03%
2018-10-19,43900,43900,44150,43450,7.78,-0.34%
2018-10-18,44050,43950,44450,43700,8.09,-0.23%
2018-10-17,44150,44150,44500,44000,8.3,1.26%
2018-10-16,43600,43700,44150,43350,6.8,-0.46%
2018-10-15,43800,44050,44050,43350,7.19,-0.45%
2018-10-14,44000,44000,44000,44000,-,0.00%
2018-10-12,44000,43200,44650,43200,12.37,2.09%
2018-10-11,43100,44000,44650,43100,18.87,-4.86%
2018-10-10,45300,45250,45500,44500,9.75,0.78%
2018-10-09,44950,44950,44950,44950,-,0.00%
2018-10-08,44950,44200,45200,44200,6.57,0.56%
2018-10-07,44700,44700,44700,44700,-,0.00%
2018-10-05,44700,44800,45500,44550,10.51,0.00%
2018-10-04,44700,45150,45600,44700,11.34,-2.19%
2018-10-03,45700,45700,45700,45700,-,0.00%
2018-10-02,45700,46450,46700,45700,6.34,-1.40%
2018-10-01,46350,46450,46800,45800,6.31,-0.22%
2018-09-30,46450,46450,46450,46450,-,0.00%
2018-09-28,46450,47250,47250,46300,10.81,-2.21%
2018-09-27,47500,46950,47500,46450,15.26,0.21%
2018-09-26,47400,47400,47400,47400,-,0.00%
2018-09-21,47400,46550,47550,46550,14.39,0.32%
2018-09-20,47250,46850,47600,46400,13.4,2.38%
2018-09-19,46150,46000,46200,45700,9.26,1.43%
2018-09-18,45500,44950,45900,44700,8.97,0.78%
2018-09-17,45150,45550,45800,44900,8.1,-1.53%
2018-09-16,45850,45850,45850,45850,-,0.00%
2018-09-14,45850,45000,45850,44900,12.03,4.09%
2018-09-13,44050,44550,44750,44000,17.93,-1.12%
2018-09-12,44550,44900,45100,44500,11.17,-1.11%
2018-09-11,45050,45550,45900,45050,7.81,-0.99%
2018-09-10,45500,45450,45550,45000,7.87,1.34%
2018-09-09,44900,44900,44900,44900,-,0.00%
2018-09-07,44900,44500,45200,44400,17.73,-2.60%
2018-09-06,46100,46200,46400,45800,8.57,-1.07%
2018-09-05,46600,47300,47450,46400,9.1,-2.20%
2018-09-04,47650,47550,47800,47200,6.61,0.42%
2018-09-03,47450,48200,48300,47300,7.91,-2.06%
2018-09-02,48450,48450,48450,48450,-,0.00%
2018-08-31,48450,47100,48450,47000,13.51,1.68%
2018-08-30,47650,46950,47950,46700,12.16,1.82%
2018-08-29,46800,46750,46800,46400,5.5,0.54%
2018-08-28,46550,46800,46950,46300,7.23,0.54%
2018-08-27,46300,46100,46550,46000,5.11,0.33%
2018-08-26,46150,46150,46150,46150,-,0.00%
2018-08-24,46150,45900,46400,45550,6.44,-0.11%
2018-08-23,46200,46150,46200,45700,6.6,0.22%
2018-08-22,46100,45150,46200,44900,11.63,2.90%
2018-08-21,44800,43700,44900,43700,9.47,2.17%
2018-08-20,43850,43500,44200,43500,7.2,-0.57%
2018-08-19,44100,44100,44100,44100,-,0.00%
2018-08-17,44100,44050,44400,44050,6.54,-0.34%
2018-08-16,44250,43800,44650,43700,10.07,-1.99%
2018-08-15,45150,45150,45150,45150,-,0.00%
2018-08-14,45150,44850,45400,44850,6.37,0.22%
2018-08-13,45050,44950,45100,44650,9.78,-0.77%
2018-08-12,45400,45400,45400,45400,-,0.00%
2018-08-10,45400,46150,46400,44850,16.53,-3.20%
2018-08-09,46900,47000,47050,46450,11.4,0.21%
2018-08-08,46800,47000,47000,46550,6.37,0.21%
2018-08-07,46700,46300,46750,45900,9.02,1.97%
2018-08-06,45800,46150,46150,45750,6.7,0.11%
2018-08-05,45750,45750,45750,45750,-,0.00%
2018-08-03,45750,45850,45900,45450,7.44,0.44%
2018-08-02,45550,46550,46800,45500,7.93,-2.15%
2018-08-01,46550,46050,46850,46050,7.09,0.65%
2018-07-31,46250,46200,46450,46000,7.59,-0.54%
2018-07-30,46500,46550,46800,46350,5.52,-0.85%
2018-07-29,46900,46900,46900,46900,-,0.00%
2018-07-27,46900,46450,47000,46450,4.75,0.00%
2018-07-26,46900,46100,47000,46000,7.34,1.63%
2018-07-25,46150,46250,46550,45900,7.21,0.00%
2018-07-24,46150,46350,46600,45950,7.92,-0.75%
2018-07-23,46500,47100,47200,46150,10.81,-2.00%
2018-07-22,47450,47450,47450,47450,-,0.00%
2018-07-20,47450,47000,47600,46700,10.23,1.17%
2018-07-19,46900,47050,47200,46600,9.7,0.75%
2018-07-18,46550,46700,47200,46450,10.88,1.53%
2018-07-17,45850,46150,46200,45600,8.76,-0.43%
2018-07-16,46050,46800,46800,46000,7.54,-0.97%
2018-07-15,46500,46500,46500,46500,-,0.00%
2018-07-13,46500,45800,46500,45750,10.96,2.20%
2018-07-12,45500,45900,46250,45450,11.78,-1.09%
2018-07-11,46000,46400,46450,45400,10.82,-0.65%
2018-07-10,46300,46200,46550,46100,9.27,1.54%
2018-07-09,45600,45500,46100,45200,11.59,1.56%
2018-07-08,44900,44900,44900,44900,-,0.00%
2018-07-06,44900,45500,45850,44650,17.78,-2.29%
2018-07-05,45950,46100,46550,45600,6.91,-0.65%
2018-07-04,46250,46700,47050,46050,8.13,0.22%
2018-07-03,46150,45750,46450,45750,10.43,1.32%
2018-07-02,45550,46500,47150,45500,12.75,-2.36%
2018-06-29,46650,46250,47150,46200,13.69,-0.32%
2018-06-28,46800,46850,47150,46600,12.08,-2.40%
2018-06-27,47950,47450,48500,47000,15.09,2.02%
2018-06-26,47000,45900,47300,45900,11.14,0.75%
2018-06-25,46650,47050,47050,46150,9.52,-1.27%
2018-06-24,47250,47250,47250,47250,-,0.00%
2018-06-22,47250,47000,47250,46200,10.25,0.43%
2018-06-21,47050,47900,47900,47050,9.98,0.11%
2018-06-20,47000,47450,47600,46850,11.31,0.00%
2018-06-19,47000,47200,47350,46500,15.17,0.86%
2018-06-18,46600,47600,47650,46200,16.62,-2.20%
2018-06-17,47650,47650,47650,47650,-,0.00%
2018-06-15,47650,48500,48700,47650,16.84,-1.14%
2018-06-14,48200,49000,49000,48200,19,-2.43%
2018-06-13,49400,49400,49400,49400,-,0.00%
2018-06-12,49400,49700,49800,49250,11.43,-1.00%
2018-06-11,49900,49750,50300,49350,10.5,0.50%
2018-06-10,49650,49650,49650,49650,-,0.00%
2018-06-08,49650,50200,50400,49600,16.58,-1.88%
2018-06-07,50600,51800,51800,50500,13.17,-1.36%
2018-06-06,51300,51300,51300,51300,-,0.00%
2018-06-05,51300,51100,51400,50400,8.86,0.39%
2018-06-04,51100,50800,51200,50700,9.29,-0.39%
2018-06-03,51300,51300,51300,51300,-,0.00%
2018-06-01,51300,50500,51700,49950,12.44,1.18%
2018-05-31,50700,50400,50800,49850,35.94,2.42%
2018-05-30,49500,51300,51500,49100,20.2,-3.51%
2018-05-29,51300,52200,52500,51300,8.43,-1.91%
2018-05-28,52300,52500,53000,52000,9.75,-0.76%
2018-05-27,52700,52700,52700,52700,-,0.00%
2018-05-25,52700,51000,52800,50800,15.17,2.53%
2018-05-24,51400,52000,52000,51100,8.18,-0.77%
2018-05-23,51800,50600,52000,50400,17,3.60%
2018-05-22,50000,50000,50000,50000,-,0.00%
2018-05-21,50000,49650,50200,49100,8.62,1.01%
2018-05-18,49500,49900,49900,49350,6.64,0.20%
2018-05-17,49400,50300,50500,49400,10.3,-0.90%
2018-05-16,49850,49200,50200,49150,15.24,1.32%
2018-05-15,49200,50200,50400,49100,17.01,-1.80%
2018-05-14,50100,51000,51100,49900,14.84,-2.34%
2018-05-11,51300,52000,52200,51200,10.14,-0.58%
2018-05-10,51600,51700,51700,50600,13.76,1.38%
2018-05-09,50900,52600,52800,50900,15.96,-3.23%
2018-05-08,52600,52600,53200,51900,22.96,1.35%
2018-05-07,51900,51900,51900,51900,-,0.00%
2018-05-04,51900,53000,53900,51800,39.42,-2.08%
2018-04-27,53000,53380,53640,52440,28.28,1.65%
2018-04-26,52140,50420,52160,50400,17.92,3.45%
2018-04-25,50400,49220,50500,49220,16.55,-0.12%
2018-04-24,50460,51840,51860,50080,15.7,-2.77%
2018-04-23,51900,51000,52080,51000,8.85,0.54%
2018-04-20,51620,51800,52260,51420,11.65,-2.20%
2018-04-19,52780,52000,52980,51540,17.13,2.76%
2018-04-18,51360,51000,51360,50580,13.44,2.76%
2018-04-17,49980,50240,50540,49820,7.76,-0.72%
2018-04-16,50340,50320,50600,49860,7.69,1.08%
2018-04-13,49800,49600,50180,49400,10.26,1.63%
2018-04-12,49000,49440,49440,48880,12.45,0.29%
2018-04-11,48860,49900,49900,48600,10.03,-0.04%
2018-04-10,48880,48540,49220,48040,10.93,-0.65%
2018-04-09,49200,48260,49440,48200,9.88,1.65%
2018-04-06,48400,48000,48580,47400,10.95,-0.70%
2018-04-05,48740,47400,49380,47340,13.24,3.88%
2018-04-04,46920,48160,48260,46920,12.31,-2.49%
2018-04-03,48120,47880,48140,47280,12.69,-0.87%
2018-04-02,48540,49000,49220,48500,7.1,-1.38%
2018-03-30,49220,49080,49900,49080,7.75,0.37%
2018-03-29,49040,48700,49560,48320,9.69,0.70%
2018-03-28,48700,49100,49100,48340,15.06,-2.56%
2018-03-27,49980,50320,50460,49080,11.84,-0.60%
2018-03-26,50280,49420,50280,49040,10.04,1.13%
2018-03-23,49720,50340,50720,49600,14.66,-3.98%
2018-03-22,51780,51060,51780,51040,8.28,1.41%
2018-03-21,51060,51780,51780,51060,8.33,-0.27%
2018-03-20,51200,50700,51200,50100,8.08,0.91%
2018-03-19,50740,50620,51340,50440,8.21,-0.78%
2018-03-16,51140,51220,51420,50240,12.11,-0.78%
2018-03-15,51540,52000,52020,51020,8.64,-0.43%
2018-03-14,51760,51020,52000,51000,12.51,0.19%
2018-03-13,51660,50760,51660,50360,20.06,3.86%
2018-03-12,49740,50560,50780,49580,8.64,0.00%
2018-03-09,49740,49440,50540,49240,14.23,1.10%
2018-03-08,49200,49200,49480,48080,19.43,1.19%
2018-03-07,48620,48200,48900,47220,21.2,3.40%
2018-03-06,47020,45920,47100,45820,15.12,4.03%
2018-03-05,45200,45820,46160,45080,13.27,-1.78%
2018-03-02,46020,46580,46800,46000,13.11,-2.21%
2018-02-28,47060,47380,48100,47000,14.97,-0.68%
2018-02-27,47380,48360,48380,47380,9.41,0.00%
2018-02-26,47380,47280,47560,47080,8.2,0.34%
2018-02-23,47220,46760,47800,46760,12.09,0.98%
2018-02-22,46760,47260,47260,46760,8.67,-1.10%
2018-02-21,47280,47280,47580,46840,12.81,-0.25%
2018-02-20,47400,48040,48160,47220,10.1,-2.03%
2018-02-19,48380,49800,49800,47860,14.77,-1.27%
2018-02-14,49000,48080,49100,47940,16.88,3.07%
2018-02-13,47540,46200,48060,46200,18.75,3.98%
2018-02-12,45720,45100,46320,45040,15.55,2.28%
2018-02-09,44700,44440,45180,44420,17.4,-2.83%
2018-02-08,46000,46120,46620,45980,22.48,0.44%
2018-02-07,45800,48240,48260,45800,23.37,-3.42%
2018-02-06,47420,46600,47920,46580,18.25,-1.04%
2018-02-05,47920,46500,48320,46000,25.87,0.46%
2018-02-02,47700,49380,49400,47700,27.89,-4.26%
2018-02-01,49820,50620,50960,49720,25.79,-0.16%
2018-01-31,49900,50020,54140,49600,64.19,0.20%
2018-01-30,49800,50440,50640,49780,12.2,-2.77%
2018-01-29,51220,51200,51480,50900,11.64,0.87%
2018-01-26,50780,50500,50780,49840,10.34,1.03%
2018-01-25,50260,49220,50360,49160,10.99,1.86%
2018-01-24,49340,48860,49700,48560,9.17,0.37%
2018-01-23,49160,48660,49160,48300,12.86,1.91%
2018-01-22,48240,48640,48680,47960,12.31,-2.19%
2018-01-19,49320,50380,50380,49040,9.04,-1.16%
2018-01-18,49900,50020,50640,49820,14.56,0.56%
2018-01-17,49620,50020,50020,49060,10.57,-0.76%
2018-01-16,50000,48760,50140,48620,13.2,3.01%
2018-01-15,48540,48800,48980,47920,10.08,0.71%
2018-01-12,48200,48240,48480,46760,26.77,-0.08%
2018-01-11,48240,48200,49260,48020,23.95,-1.23%
2018-01-10,48840,50500,50520,48640,18.53,-3.10%
2018-01-09,50400,51460,51720,49980,17.83,-3.11%
2018-01-08,52020,52400,52520,51500,8.36,-0.19%
2018-01-05,52120,51300,52120,51200,9.33,2.04%
2018-01-04,51080,52120,52180,50640,11.64,-1.05%
2018-01-03,51620,52540,52560,51420,9.92,1.18%
2018-01-02,51020,51380,51400,50780,8.46,0.12%
