date,close_price,open_price,high,low,volme,variation
2021-06-18,270000 ,269000 ,272000 ,269000 ,469.99K,0.37%
2021-06-17,269000 ,270000 ,272000 ,268500 ,0.55K,-0.92%
2021-06-16,271500 ,274500 ,274500 ,270000 ,0.20K,-1.27%
2021-06-15,275000 ,281000 ,281000 ,275000 ,0.73K,-2.14%
2021-06-14,281000 ,272500 ,281500 ,269500 ,0.07K,5.84%
2021-06-13,265500 ,265500 ,265500 ,265500 ,-,0.00%
2021-06-11,265500 ,267000 ,271500 ,264500 ,485.40K,0.00%
2021-06-10,265500 ,263500 ,267000 ,261000 ,0.59K,1.53%
2021-06-09,261500 ,270500 ,271000 ,261500 ,0.25K,-2.79%
2021-06-08,269000 ,265000 ,271000 ,265000 ,0.01K,1.70%
2021-06-07,264500 ,268000 ,269500 ,263500 ,0.03K,-0.94%
2021-06-06,267000 ,267000 ,267000 ,267000 ,-,0.00%
2021-06-04,267000 ,265500 ,268500 ,263000 ,447.37K,0.19%
2021-06-03,266500 ,266000 ,272000 ,264000 ,504.89K,0.00%
2021-06-02,266500 ,271500 ,272500 ,266500 ,0.31K,-2.20%
2021-06-01,272500 ,275500 ,275500 ,270500 ,0.35K,-0.73%
2021-05-31,274500 ,275000 ,278000 ,274000 ,429.17K,0.37%
2021-05-30,273500 ,273500 ,273500 ,273500 ,-,0.00%
2021-05-28,273500 ,269500 ,276000 ,268000 ,534.90K,1.67%
2021-05-27,269000 ,270500 ,272000 ,265000 ,0.06K,-0.55%
2021-05-26,270500 ,270000 ,273000 ,268500 ,0.12K,-0.55%
2021-05-25,272000 ,262500 ,272000 ,261000 ,0.73K,3.82%
2021-05-24,262000 ,269000 ,269000 ,261500 ,0.00K,-2.42%
2021-05-23,268500 ,268500 ,268500 ,268500 ,-,0.00%
2021-05-21,268500 ,272000 ,276000 ,268500 ,445.57K,-0.56%
2021-05-20,270000 ,269500 ,272500 ,269000 ,0.02K,-0.74%
2021-05-19,272000 ,272000 ,272000 ,272000 ,-,0.00%
2021-05-18,272000 ,265000 ,273500 ,263500 ,435.78K,0.93%
2021-05-17,269500 ,274000 ,276500 ,269000 ,0.19K,-0.37%
2021-05-16,270500 ,270500 ,270500 ,270500 ,-,0.00%
2021-05-14,270500 ,265000 ,271500 ,261500 ,565.24K,2.08%
2021-05-13,265000 ,260500 ,270500 ,260000 ,0.55K,0.95%
2021-05-12,262500 ,270500 ,274500 ,261500 ,4.06K,-2.96%
2021-05-11,270500 ,273500 ,276500 ,266500 ,0.31K,-1.64%
2021-05-10,275000 ,276500 ,277000 ,269000 ,1.93K,3.19%
2021-05-09,266500 ,266500 ,266500 ,266500 ,-,0.00%
2021-05-07,266500 ,253500 ,272000 ,253000 ,1.29M,5.54%
2021-05-06,252500 ,260000 ,261500 ,251000 ,1.14M,-2.88%
2021-05-05,260000 ,260000 ,260000 ,260000 ,-,0.00%
2021-05-04,260000 ,245500 ,260500 ,244000 ,1.78M,4.21%
2021-05-03,249500 ,265000 ,268000 ,248500 ,1.87M,-6.20%
2021-05-02,266000 ,266000 ,266000 ,266000 ,-,0.00%
2021-04-30,266000 ,270000 ,273000 ,265000 ,684.21K,-0.93%
2021-04-29,268500 ,270500 ,277000 ,264500 ,1.16K,-0.56%
2021-04-28,270000 ,272500 ,282000 ,266500 ,0.72K,-1.46%
2021-04-27,274000 ,285500 ,285500 ,273500 ,1.58K,-3.86%
2021-04-26,285000 ,287500 ,288000 ,284000 ,0.89K,-1.04%
2021-04-25,288000 ,288000 ,288000 ,288000 ,-,0.00%
2021-04-23,288000 ,288000 ,291000 ,285000 ,509.25K,0.00%
2021-04-22,288000 ,292000 ,294500 ,287000 ,0.99K,-0.86%
2021-04-21,290500 ,295500 ,297500 ,290000 ,0.90K,-3.17%
2021-04-20,300000 ,306000 ,308000 ,299500 ,0.43K,-3.07%
2021-04-19,309500 ,308000 ,313500 ,305500 ,0.41K,0.49%
2021-04-18,308000 ,308000 ,308000 ,308000 ,-,0.00%
2021-04-16,308000 ,310500 ,312000 ,306500 ,368.89K,-0.48%
2021-04-15,309500 ,314500 ,315000 ,309000 ,533.95K,-1.75%
2021-04-14,315000 ,317000 ,319000 ,313000 ,0.37K,-0.32%
2021-04-13,316000 ,312500 ,319000 ,309000 ,0.47K,1.77%
2021-04-12,310500 ,309500 ,311000 ,306000 ,0.33K,0.32%
2021-04-11,309500 ,309500 ,309500 ,309500 ,-,0.00%
2021-04-09,309500 ,312500 ,314500 ,309000 ,341.24K,-0.64%
2021-04-08,311500 ,306500 ,311500 ,303000 ,479.81K,1.80%
2021-04-07,306000 ,304000 ,312000 ,303000 ,0.10K,0.82%
2021-04-06,303500 ,309000 ,313000 ,302000 ,1.50K,-1.46%
2021-04-05,308000 ,318000 ,319000 ,307000 ,2.23K,-3.90%
2021-04-04,320500 ,320500 ,320500 ,320500 ,-,0.00%
2021-04-02,320500 ,324500 ,326000 ,318000 ,489.09K,-1.23%
2021-04-01,324500 ,323500 ,327500 ,318000 ,0.60K,0.00%
2021-03-31,324500 ,325000 ,325500 ,322500 ,1.76K,0.31%
2021-03-30,323500 ,328500 ,329000 ,323000 ,593.11K,-2.12%
2021-03-29,330500 ,332500 ,334500 ,323500 ,0.62K,5.25%
2021-03-28,314000 ,314000 ,314000 ,314000 ,-,0.00%
2021-03-26,314000 ,311500 ,316500 ,304000 ,792.81K,2.11%
2021-03-25,307500 ,301000 ,307500 ,299500 ,0.01K,2.50%
2021-03-24,300000 ,294000 ,302000 ,292000 ,0.93K,2.56%
2021-03-23,292500 ,294000 ,304000 ,291000 ,1.56K,1.21%
2021-03-22,289000 ,290000 ,294500 ,286000 ,0.00K,0.70%
2021-03-21,287000 ,287000 ,287000 ,287000 ,-,0.00%
2021-03-19,287000 ,288000 ,290500 ,284000 ,452.63K,-1.71%
2021-03-18,292000 ,296000 ,299500 ,292000 ,0.48K,-0.51%
2021-03-17,293500 ,297000 ,298000 ,291000 ,0.15K,-1.01%
2021-03-16,296500 ,291000 ,298000 ,289500 ,0.00K,2.60%
2021-03-15,289000 ,297000 ,297000 ,289000 ,0.14K,-2.69%
2021-03-14,297000 ,297000 ,297000 ,297000 ,-,0.00%
2021-03-12,297000 ,296000 ,301000 ,293000 ,406.98K,1.37%
2021-03-11,293000 ,286000 ,296500 ,284500 ,0.04K,2.63%
2021-03-10,285500 ,291500 ,296500 ,284000 ,0.80K,-0.70%
2021-03-09,287500 ,288500 ,292000 ,280500 ,0.57K,-1.20%
2021-03-08,291000 ,304000 ,304000 ,290500 ,0.42K,-3.48%
2021-03-07,301500 ,301500 ,301500 ,301500 ,-,0.00%
2021-03-05,301500 ,305000 ,307000 ,300000 ,460.10K,-1.63%
2021-03-04,306500 ,303000 ,310000 ,297500 ,1.49K,1.16%
2021-03-03,303000 ,292500 ,306000 ,290000 ,3.83K,3.95%
2021-03-02,291500 ,302500 ,307000 ,288500 ,0.67K,-2.02%
2021-03-01,297500 ,297500 ,297500 ,297500 ,-,0.00%
2021-02-26,297500 ,300000 ,304000 ,292000 ,1.04M,-3.41%
2021-02-25,308000 ,290500 ,309000 ,287000 ,0.48K,9.22%
2021-02-24,282000 ,292500 ,301000 ,282000 ,0.07K,-4.73%
2021-02-23,296000 ,311000 ,312500 ,296000 ,0.92K,-4.36%
2021-02-22,309500 ,322000 ,322000 ,308500 ,0.64K,-2.83%
2021-02-21,318500 ,318500 ,318500 ,318500 ,-,0.00%
2021-02-19,318500 ,310500 ,318500 ,306000 ,847.16K,1.27%
2021-02-18,314500 ,320500 ,326500 ,314500 ,0.34K,-2.18%
2021-02-17,321500 ,324000 ,328500 ,315500 ,0.97K,-1.08%
2021-02-16,325000 ,335000 ,335500 ,324500 ,0.66K,-2.40%
2021-02-15,333000 ,340000 ,343000 ,333000 ,0.04K,0.30%
2021-02-14,332000 ,332000 ,332000 ,332000 ,-,0.00%
2021-02-10,332000 ,326500 ,332000 ,324500 ,724.74K,1.22%
2021-02-09,328000 ,336000 ,337500 ,328000 ,0.68K,-2.38%
2021-02-08,336000 ,349500 ,351000 ,336000 ,1.62K,-1.61%
2021-02-07,341500 ,341500 ,341500 ,341500 ,-,0.00%
2021-02-05,341500 ,347500 ,355000 ,335000 ,1.97M,0.00%
2021-02-04,341500 ,345500 ,349500 ,337500 ,0.11K,-1.73%
2021-02-03,347500 ,357000 ,359500 ,338000 ,0.85K,-2.25%
2021-02-02,355500 ,370000 ,370000 ,352500 ,8.95K,-4.18%
2021-02-01,371000 ,333500 ,382500 ,333500 ,6.20K,14.51%
2021-01-31,324000 ,324000 ,324000 ,324000 ,-,0.00%
2021-01-29,324000 ,334500 ,339000 ,322500 ,1.06M,-3.14%
2021-01-28,334500 ,319500 ,337500 ,316500 ,3.84K,1.67%
2021-01-27,329000 ,326500 ,333000 ,318000 ,2.45K,2.02%
2021-01-26,322500 ,327500 ,335000 ,321500 ,0.44K,0.47%
2021-01-25,321000 ,311500 ,321500 ,311500 ,0.00K,3.55%
2021-01-24,310000 ,310000 ,310000 ,310000 ,-,0.00%
2021-01-22,310000 ,312500 ,315500 ,308000 ,820.77K,-0.64%
2021-01-21,312000 ,314000 ,317000 ,306500 ,2.58K,0.32%
2021-01-20,311000 ,315500 ,324000 ,308000 ,0.35K,-0.48%
2021-01-19,312500 ,309000 ,317000 ,296500 ,0.06K,-0.48%
2021-01-18,314000 ,327500 ,346000 ,314000 ,1.38K,-4.56%
2021-01-17,329000 ,329000 ,329000 ,329000 ,-,0.00%
2021-01-15,329000 ,349000 ,349500 ,325500 ,3.32M,-6.67%
2021-01-14,352500 ,366500 ,373500 ,351000 ,1.19K,-7.60%
2021-01-13,381500 ,379500 ,390000 ,375000 ,18.97K,-0.65%
2021-01-12,384000 ,381000 ,386500 ,370000 ,5.37K,2.67%
2021-01-11,374000 ,376500 ,386500 ,367000 ,0.08K,1.91%
2021-01-10,367000 ,367000 ,367000 ,367000 ,-,0.00%
2021-01-08,367000 ,359500 ,370000 ,356000 ,1.69M,2.66%
2021-01-07,357500 ,355000 ,359500 ,351000 ,0.07K,1.13%
2021-01-06,353500 ,356500 ,359000 ,353500 ,0.22K,-0.28%
2021-01-05,354500 ,351500 ,356000 ,345000 ,0.03K,2.01%
2021-01-04,347500 ,359000 ,359000 ,343500 ,7.29K,-3.20%
2020-12-30,359000 ,362500 ,365000 ,351000 ,2.08M,-0.42%
2020-12-29,360500 ,360500 ,365000 ,347000 ,5.68M,10.26%
2020-12-28,326960 ,342647 ,352940 ,317647 ,7.20M,-5.91%
2020-12-27,347500 ,347500 ,347500 ,347500 ,-,2.00%
2020-12-24,340690 ,348529 ,350980 ,336765 ,2.06M,-2.11%
2020-12-23,348040 ,356863 ,358820 ,347059 ,1.43M,-1.11%
2020-12-22,351960 ,360784 ,363730 ,351961 ,1.36M,-2.18%
2020-12-21,359800 ,353922 ,365200 ,349510 ,2.02M,1.07%
2020-12-20,356000 ,356000 ,356000 ,356000 ,-,2.00%
2020-12-18,349020 ,346078 ,350490 ,344118 ,923.49K,1.28%
2020-12-17,344610 ,341667 ,349510 ,339706 ,914.44K,-0.57%
2020-12-16,346570 ,356863 ,357840 ,345588 ,1.25M,-1.80%
2020-12-15,352940 ,352941 ,354900 ,334804 ,2.45M,0.70%
2020-12-14,350490 ,359314 ,363240 ,343137 ,1.68M,-2.91%
2020-12-13,361000 ,361000 ,361000 ,361000 ,-,2.00%
2020-12-11,353920 ,366176 ,366180 ,353431 ,1.12M,0.28%
2020-12-10,352940 ,337745 ,361270 ,337255 ,2.08M,1.84%
2020-12-09,346570 ,345098 ,357350 ,320588 ,3.64M,1.00%
2020-12-08,343140 ,388235 ,394610 ,340196 ,4.63M,-13.26%
2020-12-07,395590 ,388725 ,395590 ,372549 ,3.50M,4.10%
2020-12-06,380000 ,380000 ,380000 ,380000 ,-,2.00%
2020-12-04,372550 ,349020 ,377940 ,348529 ,4.78M,8.26%
2020-12-03,344120 ,338235 ,352450 ,336274 ,1.73M,1.15%
2020-12-02,340200 ,338725 ,341180 ,334314 ,1.11M,0.87%
2020-12-01,337250 ,339216 ,344610 ,331372 ,1.25M,1.18%
2020-11-30,333330 ,330882 ,348530 ,330392 ,3.06M,-0.20%
2020-11-29,334000 ,334000 ,334000 ,334000 ,-,2.00%
2020-11-27,327450 ,323039 ,329410 ,322549 ,1.32M,1.37%
2020-11-26,323040 ,328431 ,331370 ,316667 ,2.82M,-0.15%
2020-11-25,323530 ,298039 ,368630 ,297549 ,10.89M,9.45%
2020-11-24,295590 ,299020 ,299020 ,292157 ,852.88K,0.17%
2020-11-23,295100 ,294118 ,298040 ,292647 ,990.19K,-0.47%
2020-11-22,296500 ,296500 ,296500 ,296500 ,-,2.00%
2020-11-20,290690 ,287745 ,291670 ,287255 ,537.86K,0.85%
2020-11-19,288240 ,293137 ,295100 ,286765 ,1.02M,1.03%
2020-11-18,285290 ,281863 ,287250 ,279412 ,587.05K,1.75%
2020-11-17,280390 ,280882 ,287250 ,276961 ,926.96K,-0.87%
2020-11-16,282840 ,285294 ,288730 ,282353 ,587.40K,-2.47%
2020-11-15,290000 ,290000 ,290000 ,290000 ,-,2.00%
2020-11-13,284310 ,283823 ,288730 ,277941 ,837.37K,-0.68%
2020-11-12,286270 ,289216 ,290690 ,283333 ,997.72K,-1.52%
2020-11-11,290690 ,271569 ,295100 ,270098 ,2.79M,7.23%
2020-11-10,271080 ,277941 ,279900 ,270588 ,1.06M,-2.98%
2020-11-09,279410 ,276961 ,282350 ,275980 ,864.75K,0.69%
2020-11-08,277500 ,277500 ,277500 ,277500 ,-,2.00%
2020-11-06,272060 ,269118 ,278430 ,265196 ,1.20M,2.02%
2020-11-05,266670 ,267647 ,268630 ,261274 ,974.64K,0.55%
2020-11-04,265200 ,257843 ,265690 ,254902 ,1.34M,4.44%
2020-11-03,253920 ,242157 ,254410 ,241667 ,1.02M,5.93%
2020-11-02,239710 ,237745 ,244120 ,235294 ,487.61K,-0.54%
2020-11-01,241000 ,241000 ,241000 ,241000 ,-,2.00%
2020-10-30,236270 ,248039 ,248530 ,236274 ,831.29K,-4.75%
2020-10-29,248040 ,234804 ,250980 ,234314 ,995.85K,4.33%
2020-10-28,237750 ,236274 ,238240 ,234314 ,419.68K,1.47%
2020-10-27,234310 ,232843 ,240200 ,229412 ,650.47K,0.42%
2020-10-26,233330 ,238235 ,244120 ,231863 ,952.82K,-1.96%
2020-10-25,238000 ,238000 ,238000 ,238000 ,-,2.00%
2020-10-23,233330 ,233823 ,237250 ,228922 ,728.12K,0.21%
2020-10-22,232840 ,236765 ,240690 ,231373 ,824.94K,-2.67%
2020-10-21,239220 ,239216 ,241670 ,235784 ,620.55K,-0.61%
2020-10-20,240690 ,247059 ,248040 ,235784 ,1.23M,-3.91%
2020-10-19,250490 ,251471 ,256370 ,249510 ,518.31K,-2.34%
2020-10-18,256500 ,256500 ,256500 ,256500 ,-,2.00%
2020-10-16,251470 ,249510 ,257350 ,249020 ,545.44K,0.59%
2020-10-15,250000 ,255882 ,257840 ,249020 ,615.74K,-2.67%
2020-10-14,256860 ,263725 ,264220 ,256373 ,545.93K,-3.14%
2020-10-13,265200 ,270588 ,270590 ,263235 ,548.27K,-1.10%
2020-10-12,268140 ,261274 ,269120 ,258333 ,778.88K,2.34%
2020-10-11,262000 ,262000 ,262000 ,262000 ,-,2.00%
2020-10-08,256860 ,257843 ,266180 ,256863 ,881.65K,0.58%
2020-10-07,255390 ,253922 ,256370 ,251471 ,494.52K,0.97%
2020-10-06,252940 ,250490 ,253920 ,249510 ,551.09K,1.37%
2020-10-05,249510 ,253922 ,255390 ,246078 ,640.25K,-3.10%
2020-10-04,257500 ,257500 ,257500 ,257500 ,-,2.00%
2020-09-29,252450 ,251471 ,253430 ,246078 ,649.58K,0.98%
2020-09-28,250000 ,264216 ,264220 ,249510 ,1.05M,-1.35%
2020-09-25,253430 ,247549 ,259310 ,247059 ,1.17M,3.40%
2020-09-24,245100 ,254412 ,259310 ,244118 ,1.32M,-6.01%
2020-09-23,260780 ,263725 ,267650 ,251471 ,1.31M,-0.75%
2020-09-22,262750 ,271078 ,276960 ,258823 ,1.35M,-3.77%
2020-09-21,273040 ,285784 ,287250 ,271569 ,1.08M,-6.33%
2020-09-20,291500 ,291500 ,291500 ,291500 ,-,2.00%
2020-09-18,285780 ,293137 ,295100 ,285784 ,754.11K,0.00%
2020-09-17,285780 ,293627 ,293630 ,285294 ,583.48K,-1.85%
2020-09-16,291180 ,291176 ,297060 ,290196 ,436.88K,0.34%
2020-09-15,290200 ,290686 ,293140 ,288235 ,409.55K,0.00%
2020-09-14,290200 ,293137 ,295100 ,288725 ,506.17K,-2.78%
2020-09-13,298500 ,298500 ,298500 ,298500 ,-,2.00%
2020-09-11,292650 ,292647 ,301470 ,290686 ,1.03M,0.00%
2020-09-10,292650 ,293627 ,296570 ,288235 ,1.25M,0.00%
2020-09-09,292650 ,308333 ,315690 ,292157 ,2.50M,-6.13%
2020-09-08,311760 ,297059 ,315690 ,291176 ,2.53M,4.26%
2020-09-07,299020 ,289216 ,300000 ,285294 ,1.01M,1.71%
2020-09-06,294000 ,294000 ,294000 ,294000 ,-,2.00%
2020-09-04,288240 ,286274 ,291180 ,286274 ,615.89K,-1.84%
2020-09-03,293630 ,294608 ,295590 ,291667 ,501.25K,-0.33%
2020-09-02,294610 ,293627 ,298040 ,292157 ,552.27K,0.84%
2020-09-01,292160 ,291176 ,296080 ,289216 ,633.08K,0.34%
2020-08-31,291180 ,299020 ,299510 ,290686 ,1.09M,-4.37%
2020-08-30,304500 ,304500 ,304500 ,304500 ,-,2.00%
2020-08-28,298530 ,300000 ,301960 ,297549 ,557.55K,0.00%
2020-08-27,298530 ,304412 ,304900 ,298039 ,720.14K,-1.93%
2020-08-26,304410 ,305882 ,313240 ,302941 ,1.28M,1.30%
2020-08-25,300490 ,304412 ,304900 ,298529 ,605.22K,-1.13%
2020-08-24,303920 ,298529 ,304900 ,295588 ,817.43K,0.97%
2020-08-23,301000 ,301000 ,301000 ,301000 ,-,2.00%
2020-08-21,295100 ,301961 ,302450 ,290196 ,1.04M,-1.31%
2020-08-20,299020 ,297059 ,310780 ,295098 ,1.72M,0.33%
2020-08-19,298040 ,307843 ,308330 ,297059 ,888.85K,0.00%
2020-08-18,298040 ,300980 ,309800 ,295588 ,1.17M,-2.12%
2020-08-17,304500 ,304500 ,304500 ,304500 ,-,2.00%
2020-08-14,298530 ,301961 ,305880 ,294118 ,1.05M,-1.30%
2020-08-13,302450 ,296569 ,313730 ,295588 ,1.77M,2.15%
2020-08-12,296080 ,306373 ,307350 ,295098 ,1.12M,-3.82%
2020-08-11,307840 ,309314 ,312250 ,306373 ,696.31K,-0.32%
2020-08-10,308820 ,314706 ,317650 ,307353 ,1.23M,-1.81%
2020-08-09,314500 ,314500 ,314500 ,314500 ,-,2.00%
2020-08-07,308330 ,304902 ,310780 ,301471 ,859.54K,1.12%
2020-08-06,304900 ,313235 ,313730 ,303431 ,839.95K,-1.27%
2020-08-05,308820 ,298039 ,308820 ,297549 ,1.07M,4.30%
2020-08-04,296080 ,293627 ,300980 ,291176 ,895.77K,1.00%
2020-08-03,293140 ,288235 ,295590 ,277941 ,1.54M,-1.13%
2020-08-02,296500 ,296500 ,296500 ,296500 ,-,2.00%
2020-07-31,290690 ,294118 ,300000 ,290196 ,815.84K,-1.17%
2020-07-30,294120 ,293627 ,304900 ,281373 ,2.75M,-0.50%
2020-07-29,295590 ,308333 ,310780 ,292157 ,1.92M,-5.04%
2020-07-28,311270 ,317157 ,317650 ,309804 ,668.66K,0.16%
2020-07-27,310780 ,313725 ,314710 ,310294 ,480.28K,-2.58%
2020-07-26,319000 ,319000 ,319000 ,319000 ,-,2.00%
2020-07-24,312750 ,311274 ,321570 ,310784 ,789.27K,-0.93%
2020-07-23,315690 ,315196 ,319610 ,310784 ,713.41K,0.16%
2020-07-22,315200 ,316176 ,316670 ,308823 ,748.72K,0.00%
2020-07-21,315200 ,320098 ,324510 ,311765 ,1.23M,-0.46%
2020-07-20,316670 ,329902 ,332840 ,316176 ,1.40M,-1.52%
2020-07-17,321570 ,311765 ,323530 ,308823 ,1.25M,4.13%
2020-07-16,308820 ,307353 ,315200 ,304412 ,722.23K,-0.32%
2020-07-15,309800 ,318627 ,320100 ,307843 ,977.92K,-2.47%
2020-07-14,317650 ,320588 ,325000 ,315686 ,842.93K,-1.52%
2020-07-13,322550 ,320098 ,323040 ,314706 ,779.53K,1.39%
2020-07-10,318140 ,322059 ,325000 ,310294 ,1.05M,0.15%
2020-07-09,317650 ,316176 ,321570 ,311274 ,1.60M,4.01%
2020-07-08,305390 ,306373 ,309800 ,302451 ,715.98K,0.97%
2020-07-07,302450 ,299510 ,309800 ,297059 ,1.02M,0.98%
2020-07-06,299510 ,302451 ,306860 ,298529 ,764.19K,-3.23%
2020-07-05,309500 ,309500 ,309500 ,309500 ,-,2.00%
2020-07-03,303430 ,305392 ,305880 ,294608 ,769.10K,0.32%
2020-07-02,302450 ,292157 ,305390 ,292157 ,1.14M,3.70%
2020-07-01,291670 ,301961 ,302940 ,290196 ,1.01M,-2.78%
2020-06-30,300000 ,305882 ,308330 ,293137 ,1.53M,-1.61%
2020-06-29,304900 ,310294 ,319610 ,304902 ,1.33M,-2.43%
2020-06-28,312500 ,312500 ,312500 ,312500 ,-,2.00%
2020-06-26,306370 ,313725 ,314710 ,301471 ,922.62K,-1.11%
2020-06-25,309800 ,309314 ,316670 ,308333 ,916.94K,-0.94%
2020-06-24,312750 ,317157 ,324510 ,309314 ,1.98M,0.16%
2020-06-23,312250 ,299510 ,322550 ,296569 ,4.54M,7.24%
2020-06-22,291180 ,285784 ,294120 ,283823 ,1.17M,-0.11%
2020-06-21,291500 ,291500 ,291500 ,291500 ,-,2.00%
2020-06-19,285780 ,283333 ,286760 ,275490 ,1.10M,1.39%
2020-06-18,281860 ,284804 ,288730 ,280392 ,790.59K,-0.69%
2020-06-17,283820 ,288235 ,292160 ,275000 ,1.67M,-1.37%
2020-06-16,287750 ,277451 ,291180 ,276961 ,2.02M,7.12%
2020-06-15,268630 ,292157 ,295100 ,263235 ,3.15M,-9.70%
2020-06-14,297500 ,297500 ,297500 ,297500 ,-,2.00%
2020-06-12,291670 ,274510 ,297550 ,273529 ,3.92M,3.30%
2020-06-11,282350 ,274510 ,293630 ,269118 ,3.99M,7.26%
2020-06-10,263240 ,258333 ,264710 ,256373 ,1.01M,1.90%
2020-06-09,258330 ,251961 ,259310 ,250000 ,1.36M,2.93%
2020-06-08,250980 ,255392 ,257840 ,248039 ,1.28M,-2.15%
2020-06-07,256500 ,256500 ,256500 ,256500 ,-,2.00%
2020-06-05,251470 ,239216 ,255390 ,238235 ,2.93M,3.84%
2020-06-04,242160 ,223039 ,243140 ,222549 ,3.07M,8.57%
2020-06-03,223040 ,226961 ,230390 ,220098 ,1.84M,1.34%
2020-06-02,220100 ,225490 ,227940 ,217647 ,1.11M,-1.32%
2020-06-01,223040 ,209804 ,227940 ,208823 ,3.46M,4.47%
2020-05-31,213500 ,213500 ,213500 ,213500 ,-,2.00%
2020-05-29,209310 ,207843 ,209800 ,205392 ,667.41K,1.18%
2020-05-28,206860 ,208333 ,209310 ,201961 ,725.41K,-0.94%
2020-05-27,208820 ,207843 ,209800 ,206863 ,599.20K,-0.70%
2020-05-26,210290 ,211274 ,212250 ,208823 ,470.24K,-0.23%
2020-05-25,210780 ,211765 ,211760 ,209314 ,374.74K,-2.42%
2020-05-24,216000 ,216000 ,216000 ,216000 ,-,2.00%
2020-05-22,211760 ,215686 ,216670 ,208823 ,602.79K,-1.15%
2020-05-21,214220 ,214216 ,215690 ,211274 ,535.03K,0.00%
2020-05-20,214220 ,210294 ,214710 ,209314 ,665.97K,2.59%
2020-05-19,208820 ,208823 ,210290 ,204902 ,716.82K,0.00%
2020-05-18,208820 ,215686 ,217650 ,207843 ,1.00M,-3.99%
2020-05-17,217500 ,217500 ,217500 ,217500 ,-,2.00%
2020-05-15,213240 ,214706 ,217160 ,210784 ,831.07K,0.23%
2020-05-14,212750 ,210784 ,212750 ,207843 ,961.34K,0.93%
2020-05-13,210780 ,206863 ,210780 ,205882 ,767.91K,1.90%
2020-05-12,206860 ,207843 ,213240 ,206373 ,995.57K,0.24%
2020-05-11,206370 ,210784 ,211270 ,205882 ,701.74K,-1.96%
2020-05-10,210500 ,210500 ,210500 ,210500 ,-,2.00%
2020-05-08,206370 ,201961 ,209800 ,200980 ,891.00K,3.19%
2020-05-07,200000 ,201961 ,202940 ,199510 ,402.87K,-1.45%
2020-05-06,202940 ,200490 ,203920 ,196569 ,603.56K,-0.28%
2020-05-05,203500 ,203500 ,203500 ,203500 ,-,2.00%
2020-05-04,199510 ,203922 ,206860 ,199510 ,866.48K,-5.22%
2020-05-03,210500 ,210500 ,210500 ,210500 ,-,2.00%
2020-04-29,206370 ,204902 ,206860 ,202941 ,660.70K,0.72%
2020-04-28,204900 ,208333 ,209800 ,203922 ,732.46K,-1.65%
2020-04-27,208330 ,209314 ,210780 ,207353 ,486.49K,-1.50%
2020-04-26,211500 ,211500 ,211500 ,211500 ,-,2.00%
2020-04-24,207350 ,209314 ,212750 ,206373 ,1.09M,-1.17%
2020-04-23,209800 ,211274 ,212250 ,208333 ,616.23K,0.00%
2020-04-22,209800 ,203922 ,213240 ,203922 ,1.13M,0.94%
2020-04-21,207840 ,208823 ,213730 ,202941 ,1.81M,0.00%
2020-04-20,207840 ,206373 ,211760 ,203922 ,924.04K,-1.50%
2020-04-19,211000 ,211000 ,211000 ,211000 ,-,2.00%
2020-04-17,206860 ,211274 ,212250 ,201471 ,1.81M,-1.86%
2020-04-16,210780 ,210294 ,213240 ,209314 ,763.00K,-2.42%
2020-04-15,216000 ,216000 ,216000 ,216000 ,-,2.00%
2020-04-14,211760 ,215686 ,216180 ,207843 ,1.29M,0.23%
2020-04-13,211270 ,205882 ,221080 ,203922 ,3.68M,0.84%
2020-04-12,209500 ,209500 ,209500 ,209500 ,-,2.00%
2020-04-10,205390 ,209804 ,210780 ,199020 ,1.77M,-0.47%
2020-04-09,206370 ,207353 ,212250 ,204412 ,1.37M,1.69%
2020-04-08,202940 ,205882 ,207840 ,202941 ,1.10M,-1.43%
2020-04-07,205880 ,204412 ,210290 ,199020 ,2.23M,0.48%
2020-04-06,204900 ,198529 ,208330 ,196569 ,2.79M,4.54%
2020-04-05,196000 ,196000 ,196000 ,196000 ,-,2.00%
2020-04-03,192160 ,187745 ,212750 ,187745 ,4.21M,0.51%
2020-04-02,191180 ,182353 ,194610 ,178431 ,6.16M,-1.51%
2020-04-01,194120 ,229412 ,231370 ,194118 ,5.23M,-13.54%
2020-03-31,224510 ,183824 ,227940 ,181863 ,11.14M,23.79%
2020-03-30,181370 ,178431 ,182840 ,177941 ,945.93K,-1.43%
2020-03-29,184000 ,184000 ,184000 ,184000 ,-,2.00%
2020-03-27,180390 ,184804 ,186270 ,175000 ,1.96M,1.38%
2020-03-26,177940 ,178431 ,187250 ,175000 ,2.47M,-0.82%
2020-03-25,179410 ,187255 ,187750 ,174020 ,2.35M,-0.54%
2020-03-24,180390 ,175000 ,186760 ,173529 ,3.96M,5.14%
2020-03-23,171570 ,142647 ,180880 ,142157 ,6.71M,12.50%
2020-03-22,152500 ,152500 ,152500 ,152500 ,-,2.00%
2020-03-20,149510 ,142647 ,150000 ,138235 ,2.02M,8.93%
2020-03-19,137250 ,160294 ,161270 ,135784 ,2.89M,-10.83%
2020-03-18,153920 ,164706 ,167650 ,153922 ,1.21M,-6.55%
2020-03-17,164710 ,154902 ,167650 ,154902 ,1.42M,1.52%
2020-03-16,162250 ,172549 ,174510 ,162255 ,1.05M,-4.84%
2020-03-15,170500 ,170500 ,170500 ,170500 ,-,2.00%
2020-03-13,167160 ,161765 ,170590 ,153431 ,2.23M,-1.16%
2020-03-12,169120 ,170098 ,174510 ,165196 ,1.19M,-1.43%
2020-03-11,171570 ,176471 ,178430 ,169608 ,827.32K,-3.31%
2020-03-10,177450 ,168627 ,177450 ,165686 ,1.22M,4.02%
2020-03-09,170590 ,171569 ,176960 ,170098 ,997.78K,-3.89%
2020-03-08,177500 ,177500 ,177500 ,177500 ,-,2.00%
2020-03-06,174020 ,177941 ,179410 ,173529 ,705.64K,-2.47%
2020-03-05,178430 ,173529 ,178430 ,171078 ,922.09K,4.30%
2020-03-04,171080 ,168137 ,171570 ,167647 ,431.89K,1.16%
2020-03-03,169120 ,175000 ,175490 ,168627 ,663.97K,-1.43%
2020-03-02,171570 ,167157 ,171570 ,165196 ,661.83K,0.92%
2020-03-01,170000 ,170000 ,170000 ,170000 ,-,2.00%
2020-02-28,166670 ,164706 ,168140 ,163725 ,831.93K,-0.29%
2020-02-27,167160 ,170098 ,171570 ,165686 ,667.23K,-1.44%
2020-02-26,169610 ,166667 ,173530 ,165686 ,780.21K,0.29%
2020-02-25,169120 ,165686 ,169610 ,165196 ,572.40K,2.07%
2020-02-24,165690 ,169118 ,171080 ,165686 ,768.30K,-6.39%
2020-02-23,177000 ,177000 ,177000 ,177000 ,-,2.00%
2020-02-21,173530 ,173039 ,177450 ,172549 ,451.08K,-1.12%
2020-02-20,175490 ,178431 ,178920 ,173039 ,760.90K,-1.38%
2020-02-19,177940 ,182353 ,183330 ,176471 ,728.42K,-1.63%
2020-02-18,180880 ,183333 ,183330 ,178922 ,558.48K,-0.81%
2020-02-17,182350 ,178922 ,183820 ,178922 ,805.46K,0.75%
2020-02-16,181000 ,181000 ,181000 ,181000 ,-,2.00%
2020-02-14,177450 ,174510 ,178430 ,174020 ,655.92K,1.40%
2020-02-13,175000 ,172059 ,177450 ,172059 ,1.24M,2.59%
2020-02-12,170590 ,170588 ,171570 ,168627 ,330.47K,0.29%
2020-02-11,170100 ,170588 ,173040 ,169118 ,438.89K,0.29%
2020-02-10,169610 ,167647 ,172060 ,166176 ,502.12K,-1.10%
2020-02-09,171500 ,171500 ,171500 ,171500 ,-,2.00%
2020-02-07,168140 ,170098 ,170590 ,166667 ,434.37K,-0.58%
2020-02-06,169120 ,162745 ,170590 ,162255 ,843.98K,4.87%
2020-02-05,161270 ,165686 ,166180 ,160294 ,649.02K,-1.80%
2020-02-04,164220 ,164216 ,166180 ,161765 ,724.79K,0.60%
2020-02-03,163240 ,158824 ,164220 ,156863 ,693.00K,-1.07%
2020-02-02,165000 ,165000 ,165000 ,165000 ,-,2.00%
2020-01-31,161760 ,164706 ,168140 ,161765 ,590.58K,-1.20%
2020-01-30,163730 ,168627 ,169610 ,162255 ,640.94K,-2.34%
2020-01-29,167650 ,169118 ,169610 ,166667 ,497.35K,0.29%
2020-01-28,167160 ,167157 ,170100 ,166667 ,686.69K,-4.75%
2020-01-27,175500 ,175500 ,175500 ,175500 ,-,2.00%
2020-01-23,172060 ,174020 ,174020 ,170588 ,354.66K,-0.57%
2020-01-22,173040 ,169118 ,173040 ,169118 ,383.94K,2.32%
2020-01-21,169120 ,170588 ,172060 ,169118 ,415.06K,0.00%
2020-01-20,169120 ,170588 ,171570 ,168627 ,574.52K,-3.36%
2020-01-19,175000 ,175000 ,175000 ,175000 ,-,2.00%
2020-01-17,171570 ,176961 ,177450 ,170588 ,827.76K,-3.05%
2020-01-16,176960 ,172549 ,182840 ,170588 ,1.29M,2.27%
2020-01-15,173040 ,174510 ,175000 ,172549 ,296.24K,-0.84%
2020-01-14,174510 ,175980 ,177940 ,173529 ,506.17K,-0.84%
2020-01-13,175980 ,175490 ,177450 ,175000 ,459.61K,-0.86%
2020-01-12,177500 ,177500 ,177500 ,177500 ,-,2.00%
2020-01-10,174020 ,175000 ,175000 ,171569 ,438.18K,0.28%
2020-01-09,173530 ,174510 ,175980 ,171569 ,526.69K,2.31%
2020-01-08,169610 ,171569 ,172550 ,167157 ,902.75K,-2.81%
2020-01-07,174510 ,171078 ,175490 ,170588 ,464.50K,2.89%
2020-01-06,169610 ,170588 ,172060 ,169118 ,582.20K,-4.45%
2020-01-05,177500 ,177500 ,177500 ,177500 ,-,2.00%
2020-01-03,174020 ,177941 ,178920 ,173529 ,493.75K,-1.39%
2020-01-02,176470 ,177451 ,179410 ,172549 ,628.28K,-0.55%
2019-12-30,177450 ,179412 ,181370 ,176961 ,531.17K,-3.56%
2019-12-29,184000 ,184000 ,184000 ,184000 ,-,2.00%
2019-12-27,180390 ,179412 ,183330 ,176471 ,1.43M,1.95%
2019-12-26,176940 ,174603 ,177400 ,172736 ,2.22M,-4.36%
2019-12-25,185000 ,185000 ,185000 ,185000 ,-,7.10%
2019-12-24,172740 ,175537 ,176470 ,171802 ,723.90K,-0.80%
2019-12-23,174140 ,170868 ,176470 ,170868 ,922.88K,-4.32%
2019-12-22,182000 ,182000 ,182000 ,182000 ,-,7.10%
2019-12-20,169930 ,169468 ,170870 ,168067 ,588.29K,0.83%
2019-12-19,168530 ,167600 ,170870 ,166667 ,729.30K,1.69%
2019-12-18,165730 ,169935 ,169930 ,165266 ,596.63K,-0.84%
2019-12-17,167130 ,159197 ,167600 ,158263 ,1.01M,5.29%
2019-12-16,158730 ,160598 ,161530 ,157796 ,370.02K,-7.72%
2019-12-15,172000 ,172000 ,172000 ,172000 ,-,7.10%
2019-12-13,160600 ,161998 ,162460 ,158730 ,652.16K,0.59%
2019-12-12,159660 ,154528 ,160130 ,154062 ,1.02M,3.95%
2019-12-11,153590 ,155462 ,155930 ,153128 ,513.83K,-1.20%
2019-12-10,155460 ,156863 ,157800 ,154062 ,589.47K,-0.89%
2019-12-09,156860 ,158730 ,159660 ,156396 ,364.37K,-7.73%
2019-12-08,170000 ,170000 ,170000 ,170000 ,-,7.10%
2019-12-06,158730 ,157796 ,160130 ,157330 ,357.78K,0.89%
2019-12-05,157330 ,161064 ,161530 ,154528 ,614.48K,-1.46%
2019-12-04,159660 ,161531 ,163400 ,158730 ,452.34K,-2.01%
2019-12-03,162930 ,161531 ,163870 ,160598 ,301.76K,-0.57%
2019-12-02,163870 ,163399 ,165730 ,162465 ,366.70K,-5.82%
2019-12-01,174000 ,174000 ,174000 ,174000 ,-,7.10%
2019-11-29,162460 ,166667 ,167130 ,160598 ,626.76K,-2.53%
2019-11-28,166670 ,170868 ,173200 ,166200 ,493.62K,-2.99%
2019-11-27,171800 ,170868 ,173670 ,167134 ,597.15K,2.22%
2019-11-26,168070 ,172269 ,173200 ,168067 ,747.01K,-0.55%
2019-11-25,169000 ,164332 ,169470 ,164332 ,536.61K,-3.43%
2019-11-24,175000 ,175000 ,175000 ,175000 ,-,7.10%
2019-11-22,163400 ,163866 ,165730 ,160131 ,653.84K,-1.13%
2019-11-21,165270 ,173669 ,173670 ,162465 ,921.97K,-4.06%
2019-11-20,172270 ,171335 ,173200 ,169935 ,438.03K,0.54%
2019-11-19,171340 ,173669 ,174140 ,169935 ,419.87K,-1.61%
2019-11-18,174140 ,174603 ,175540 ,173203 ,297.44K,-6.38%
2019-11-17,186000 ,186000 ,186000 ,186000 ,-,7.10%
2019-11-15,173670 ,174603 ,175070 ,171802 ,389.80K,-0.27%
2019-11-14,174140 ,170401 ,174600 ,169935 ,625.35K,3.04%
2019-11-13,169000 ,171802 ,173200 ,169001 ,547.50K,-2.42%
2019-11-12,173200 ,173203 ,175070 ,171802 ,433.93K,-0.27%
2019-11-11,173670 ,175070 ,176000 ,169935 ,675.38K,-7.62%
2019-11-10,188000 ,188000 ,188000 ,188000 ,-,7.10%
2019-11-08,175540 ,180672 ,180670 ,173669 ,857.43K,-1.57%
2019-11-07,178340 ,186741 ,187680 ,176937 ,1.08M,-2.80%
2019-11-06,183470 ,185808 ,185810 ,183473 ,353.40K,-0.51%
2019-11-05,184410 ,184874 ,185810 ,183007 ,468.12K,-0.50%
2019-11-04,185340 ,187208 ,187680 ,184407 ,511.85K,-6.86%
2019-11-03,199000 ,199000 ,199000 ,199000 ,-,7.10%
2019-11-01,185810 ,186741 ,186740 ,183007 ,551.44K,-0.50%
2019-10-31,186740 ,192810 ,192810 ,186741 ,554.66K,-1.96%
2019-10-30,190480 ,193277 ,193280 ,188609 ,448.79K,-0.73%
2019-10-29,191880 ,188609 ,192810 ,188609 ,648.77K,2.24%
2019-10-28,187680 ,184874 ,187680 ,183940 ,419.86K,-4.73%
2019-10-27,197000 ,197000 ,197000 ,197000 ,-,7.10%
2019-10-25,183940 ,185341 ,188140 ,182073 ,540.56K,0.00%
2019-10-24,183940 ,180672 ,183940 ,176471 ,961.93K,0.26%
2019-10-23,183470 ,180205 ,189080 ,180205 ,1.66M,2.61%
2019-10-22,178800 ,171335 ,180210 ,170401 ,1.14M,5.22%
2019-10-21,169930 ,169001 ,172270 ,166667 ,405.48K,-6.37%
2019-10-20,181500 ,181500 ,181500 ,181500 ,-,7.10%
2019-10-18,169470 ,175537 ,176000 ,169001 ,459.60K,-3.46%
2019-10-17,175540 ,176004 ,177400 ,174136 ,411.47K,0.54%
2019-10-16,174600 ,174136 ,175540 ,172269 ,463.13K,1.90%
2019-10-15,171340 ,169935 ,171800 ,168534 ,267.78K,0.55%
2019-10-14,170400 ,171802 ,171800 ,168534 ,345.21K,-6.12%
2019-10-13,181500 ,181500 ,181500 ,181500 ,-,7.10%
2019-10-11,169470 ,169935 ,172740 ,168067 ,540.68K,0.28%
2019-10-10,169000 ,167134 ,169930 ,165733 ,647.27K,-6.37%
2019-10-09,180500 ,180500 ,180500 ,180500 ,-,7.10%
2019-10-08,168530 ,167600 ,169930 ,163866 ,663.27K,1.12%
2019-10-07,166670 ,162465 ,167600 ,161531 ,748.57K,-3.66%
2019-10-06,173000 ,173000 ,173000 ,173000 ,-,7.10%
2019-10-04,161530 ,161064 ,162930 ,159664 ,455.59K,-6.36%
2019-10-03,172500 ,172500 ,172500 ,172500 ,-,7.10%
2019-10-02,161060 ,160598 ,164800 ,159664 ,654.27K,-0.58%
2019-10-01,162000 ,157796 ,162930 ,155462 ,1.31M,5.79%
2019-09-30,153130 ,155462 ,155930 ,149860 ,542.16K,-7.75%
2019-09-29,166000 ,166000 ,166000 ,166000 ,-,7.10%
2019-09-27,155000 ,157330 ,157800 ,154062 ,279.51K,-0.60%
2019-09-26,155930 ,156396 ,158730 ,154528 ,427.06K,0.30%
2019-09-25,155460 ,157330 ,159660 ,154528 ,619.78K,-1.19%
2019-09-24,157330 ,157330 ,159200 ,154995 ,879.08K,-1.46%
2019-09-23,159660 ,164799 ,164800 ,157796 ,937.50K,-9.03%
2019-09-22,175500 ,175500 ,175500 ,175500 ,-,7.10%
2019-09-20,163870 ,157796 ,164330 ,157796 ,631.84K,4.16%
2019-09-19,157330 ,162932 ,163400 ,155929 ,816.79K,-2.88%
2019-09-18,162000 ,161064 ,163870 ,160598 ,588.56K,1.47%
2019-09-17,159660 ,159197 ,162930 ,157796 ,779.32K,0.29%
2019-09-16,159200 ,158263 ,159660 ,155462 ,607.26K,-5.80%
2019-09-15,169000 ,169000 ,169000 ,169000 ,-,7.10%
2019-09-11,157800 ,155462 ,159660 ,154995 ,1.06M,2.43%
2019-09-10,154060 ,155462 ,156860 ,153595 ,345.58K,-0.61%
2019-09-09,155000 ,156396 ,156400 ,154062 ,337.88K,0.30%
2019-09-06,154530 ,154062 ,155000 ,151260 ,377.04K,0.91%
2019-09-05,153130 ,157796 ,158730 ,152194 ,686.62K,-2.09%
2019-09-04,156400 ,149393 ,156860 ,149393 ,858.89K,4.36%
2019-09-03,149860 ,146125 ,152190 ,146125 ,853.35K,2.55%
2019-09-02,146130 ,145658 ,148460 ,142390 ,402.02K,-6.92%
2019-09-01,157000 ,157000 ,157000 ,157000 ,-,7.10%
2019-08-30,146590 ,149860 ,150330 ,146125 ,531.13K,0.00%
2019-08-29,146590 ,146125 ,150790 ,144258 ,1.08M,0.64%
2019-08-28,145660 ,135387 ,146130 ,134454 ,1.18M,7.59%
2019-08-27,135390 ,135854 ,138190 ,133987 ,782.27K,2.48%
2019-08-26,132120 ,137722 ,139590 ,131186 ,1.20M,-12.79%
2019-08-25,151500 ,151500 ,151500 ,151500 ,-,7.10%
2019-08-23,141460 ,139589 ,142860 ,139122 ,455.01K,-0.65%
2019-08-22,142390 ,146592 ,147530 ,141923 ,524.72K,-2.56%
2019-08-21,146130 ,144725 ,149860 ,144258 ,630.45K,0.97%
2019-08-20,144720 ,143324 ,144720 ,141923 ,345.65K,1.30%
2019-08-19,142860 ,144258 ,146130 ,141923 ,349.54K,-7.23%
2019-08-18,154000 ,154000 ,154000 ,154000 ,-,7.10%
2019-08-16,143790 ,142390 ,144260 ,140056 ,440.61K,-6.33%
2019-08-15,153500 ,153500 ,153500 ,153500 ,-,7.10%
2019-08-14,143320 ,148926 ,148930 ,143324 ,642.30K,0.32%
2019-08-13,142860 ,142857 ,145190 ,141923 ,407.03K,-1.29%
2019-08-12,144720 ,144725 ,146590 ,141457 ,579.71K,-6.93%
2019-08-11,155500 ,155500 ,155500 ,155500 ,-,7.10%
2019-08-09,145190 ,145191 ,148460 ,144258 ,824.36K,0.97%
2019-08-08,143790 ,140523 ,143790 ,140056 ,1.15M,3.70%
2019-08-07,138660 ,140523 ,142860 ,136321 ,1.31M,1.37%
2019-08-06,136790 ,128852 ,144720 ,128385 ,3.64M,0.69%
2019-08-05,135850 ,149393 ,151260 ,135854 ,3.24M,-16.91%
2019-08-04,163500 ,163500 ,163500 ,163500 ,-,7.10%
2019-08-02,152660 ,157330 ,159200 ,151727 ,1.31M,-4.11%
2019-08-01,159200 ,158263 ,163870 ,158263 ,727.35K,0.00%
2019-07-31,159200 ,164332 ,164800 ,154528 ,1.43M,-3.67%
2019-07-30,165270 ,167600 ,171340 ,165266 ,529.97K,-1.11%
2019-07-29,167130 ,171335 ,172270 ,167134 ,459.99K,-9.66%
2019-07-28,185000 ,185000 ,185000 ,185000 ,-,7.10%
2019-07-26,172740 ,165266 ,173670 ,165266 ,618.83K,3.94%
2019-07-25,166200 ,167134 ,168530 ,164799 ,546.99K,-1.11%
2019-07-24,168070 ,170401 ,170870 ,166200 ,495.02K,-1.09%
2019-07-23,169930 ,172269 ,172740 ,169001 ,376.34K,-1.36%
2019-07-22,172270 ,173203 ,175070 ,171802 ,288.04K,-6.63%
2019-07-21,184500 ,184500 ,184500 ,184500 ,-,7.10%
2019-07-19,172270 ,168534 ,172740 ,168534 ,482.32K,2.22%
2019-07-18,168530 ,170401 ,172270 ,167600 ,599.79K,-2.17%
2019-07-17,172270 ,176471 ,176940 ,170401 ,499.71K,-2.12%
2019-07-16,176000 ,170401 ,178340 ,170401 ,570.06K,2.72%
2019-07-15,171340 ,176471 ,177870 ,169001 ,669.59K,-9.10%
2019-07-14,188500 ,188500 ,188500 ,188500 ,-,7.10%
2019-07-12,176000 ,177871 ,178340 ,175070 ,368.24K,-1.57%
2019-07-11,178800 ,176937 ,180210 ,175537 ,777.81K,1.32%
2019-07-10,176470 ,180672 ,182070 ,175070 ,678.94K,-1.82%
2019-07-09,179740 ,191410 ,192340 ,171802 ,1.57M,-6.55%
2019-07-08,192340 ,193744 ,195610 ,191877 ,281.89K,-7.53%
2019-07-07,208000 ,208000 ,208000 ,208000 ,-,7.10%
2019-07-05,194210 ,190009 ,194210 ,190009 ,278.43K,2.21%
2019-07-04,190010 ,191877 ,192810 ,189076 ,316.59K,-1.21%
2019-07-03,192340 ,191877 ,194210 ,190943 ,202.13K,0.49%
2019-07-02,191410 ,193277 ,195140 ,190943 ,232.90K,-1.44%
2019-07-01,194210 ,192344 ,195140 ,190943 ,406.56K,-5.49%
2019-06-30,205500 ,205500 ,205500 ,205500 ,-,7.10%
2019-06-28,191880 ,189542 ,192340 ,188142 ,301.02K,0.73%
2019-06-27,190480 ,193744 ,195140 ,189542 ,648.73K,-3.09%
2019-06-26,196550 ,194211 ,197480 ,191877 ,318.85K,1.20%
2019-06-25,194210 ,194211 ,195140 ,190476 ,408.53K,-0.24%
2019-06-24,194680 ,198413 ,199810 ,193744 ,369.48K,-8.39%
2019-06-23,212500 ,212500 ,212500 ,212500 ,-,7.10%
2019-06-21,198410 ,200280 ,200750 ,196078 ,897.16K,-0.70%
2019-06-20,199810 ,198413 ,199810 ,197479 ,329.77K,1.18%
2019-06-19,197480 ,196545 ,197950 ,195145 ,405.38K,1.68%
2019-06-18,194210 ,191410 ,196080 ,190943 ,462.74K,1.46%
2019-06-17,191410 ,187675 ,191880 ,186274 ,346.68K,-4.77%
2019-06-16,201000 ,201000 ,201000 ,201000 ,-,7.10%
2019-06-14,187680 ,192810 ,192810 ,186741 ,446.58K,-2.90%
2019-06-13,193280 ,190943 ,193280 ,190476 ,542.71K,1.47%
2019-06-12,190480 ,189542 ,190940 ,187675 ,335.40K,0.99%
2019-06-11,188610 ,185341 ,189540 ,184874 ,402.57K,1.76%
2019-06-10,185340 ,184874 ,185810 ,183007 ,315.73K,1.02%
2019-06-07,183470 ,183473 ,183940 ,181606 ,267.30K,0.25%
2019-06-05,183010 ,185341 ,185340 ,182073 ,314.60K,0.26%
2019-06-04,182540 ,181139 ,183940 ,178338 ,435.63K,1.29%
2019-06-03,180210 ,176937 ,180210 ,175070 ,538.28K,1.58%
2019-05-31,177400 ,172736 ,180670 ,172269 ,713.45K,2.15%
2019-05-30,173670 ,173203 ,174600 ,169935 ,457.59K,0.27%
2019-05-29,173200 ,173669 ,174600 ,169935 ,611.26K,-0.27%
2019-05-28,173670 ,162465 ,173670 ,162465 ,992.30K,6.90%
2019-05-27,162460 ,169468 ,169930 ,160598 ,792.52K,-3.87%
2019-05-24,169000 ,167600 ,170400 ,166200 ,411.60K,0.28%
2019-05-23,168530 ,172736 ,173200 ,168067 ,581.71K,-2.17%
2019-05-22,172270 ,170401 ,173200 ,170401 ,554.04K,1.93%
2019-05-21,169000 ,170868 ,173670 ,168534 ,1.26M,-3.73%
2019-05-20,175540 ,182540 ,184410 ,174603 ,554.47K,-3.83%
2019-05-17,182540 ,186741 ,188610 ,182073 ,283.88K,-0.51%
2019-05-16,183470 ,184407 ,188610 ,182073 ,449.46K,0.25%
2019-05-15,183010 ,184407 ,185340 ,182540 ,377.29K,0.26%
2019-05-14,182540 ,179739 ,186270 ,179739 ,530.41K,0.51%
2019-05-13,181610 ,186741 ,189540 ,180672 ,582.02K,-3.47%
2019-05-10,188140 ,195145 ,195140 ,185341 ,740.47K,-4.05%
2019-05-09,196080 ,195145 ,198880 ,194211 ,874.92K,2.19%
2019-05-08,191880 ,189076 ,193280 ,189076 ,340.15K,0.00%
2019-05-07,191880 ,187675 ,194680 ,187675 ,446.13K,0.49%
2019-05-03,190940 ,193277 ,193740 ,189076 ,460.16K,-1.21%
2019-05-02,193280 ,197946 ,197950 ,193277 ,498.42K,-2.36%
2019-04-30,197950 ,201681 ,201680 ,197479 ,309.43K,-1.85%
2019-04-29,201680 ,199346 ,202150 ,197946 ,290.49K,1.88%
2019-04-26,197950 ,196545 ,200280 ,195612 ,387.99K,0.24%
2019-04-25,197480 ,201681 ,204480 ,196078 ,565.27K,-2.98%
2019-04-24,203550 ,208217 ,208680 ,203548 ,478.65K,-1.58%
2019-04-23,206820 ,207283 ,209620 ,202148 ,669.86K,0.46%
2019-04-22,205880 ,204015 ,209150 ,203548 ,943.82K,1.14%
2019-04-19,203550 ,190943 ,205420 ,190476 ,1.38M,7.13%
2019-04-18,190010 ,194678 ,195140 ,188609 ,412.74K,-2.40%
2019-04-17,194680 ,194678 ,197010 ,193277 ,332.93K,0.24%
2019-04-16,194210 ,189076 ,195140 ,187675 ,413.91K,2.21%
2019-04-15,190010 ,195612 ,196080 ,189076 ,515.06K,-2.63%
2019-04-12,195140 ,195145 ,197010 ,191877 ,329.66K,-0.72%
2019-04-11,196550 ,192810 ,196550 ,191877 ,691.19K,2.43%
2019-04-10,191880 ,191877 ,196080 ,189542 ,756.56K,0.49%
2019-04-09,190940 ,186274 ,192340 ,185341 ,1.09M,4.60%
2019-04-08,182540 ,181139 ,182540 ,179272 ,390.88K,1.82%
2019-04-05,179270 ,179739 ,181140 ,176937 ,264.34K,-0.26%
2019-04-04,179740 ,181139 ,182070 ,179272 ,286.14K,-0.51%
2019-04-03,180670 ,177871 ,182070 ,175537 ,536.34K,1.84%
2019-04-02,177400 ,171335 ,177870 ,171335 ,710.17K,4.40%
2019-04-01,169930 ,168534 ,171800 ,168067 ,451.71K,0.55%
2019-03-29,169000 ,168534 ,171800 ,167134 ,750.07K,0.28%
2019-03-28,168530 ,168534 ,173200 ,166667 ,1.04M,-1.37%
2019-03-27,170870 ,180205 ,181140 ,169935 ,1.65M,-4.93%
2019-03-26,179740 ,185341 ,185810 ,179272 ,997.57K,-2.77%
2019-03-25,184870 ,185341 ,187210 ,183940 ,284.72K,-0.75%
2019-03-22,186270 ,187208 ,188140 ,185808 ,286.24K,-0.50%
2019-03-21,187210 ,187208 ,189080 ,187208 ,322.08K,-0.25%
2019-03-20,187680 ,190009 ,190480 ,186741 ,368.41K,-0.98%
2019-03-19,189540 ,188142 ,191410 ,188142 ,297.79K,0.99%
2019-03-18,187680 ,189076 ,190940 ,187675 ,383.34K,-0.98%
2019-03-15,189540 ,191410 ,191410 ,187675 ,551.85K,-1.46%
2019-03-14,192340 ,195612 ,195610 ,188609 ,747.07K,-0.72%
2019-03-13,193740 ,195145 ,196080 ,193277 ,295.14K,-0.72%
2019-03-12,195140 ,192344 ,195610 ,191877 ,429.72K,1.95%
2019-03-11,191410 ,191877 ,192810 ,189076 ,315.96K,-0.48%
2019-03-08,192340 ,192344 ,195140 ,191877 ,343.75K,-0.49%
2019-03-07,193280 ,195612 ,197010 ,191410 ,421.74K,-1.89%
2019-03-06,197010 ,197946 ,198410 ,194678 ,465.38K,0.47%
2019-03-05,196080 ,193744 ,197950 ,192810 ,649.34K,1.21%
2019-03-04,193740 ,193277 ,195610 ,191877 ,471.77K,1.47%
2019-02-28,190940 ,189542 ,194210 ,189542 ,732.89K,0.98%
2019-02-27,189080 ,190476 ,190940 ,188609 ,391.13K,-0.97%
2019-02-26,190940 ,191877 ,194210 ,189542 ,646.87K,0.24%
2019-02-25,190480 ,188609 ,194210 ,186741 ,953.09K,-1.45%
2019-02-22,193280 ,193744 ,195610 ,192344 ,312.88K,-0.24%
2019-02-21,193740 ,198880 ,199350 ,193744 ,724.06K,-2.81%
2019-02-20,199350 ,201681 ,202150 ,199346 ,327.51K,-0.70%
2019-02-19,200750 ,198880 ,202610 ,197479 ,459.00K,1.41%
2019-02-18,197950 ,197479 ,199350 ,196545 ,322.27K,-5.51%
2019-02-17,209500 ,209500 ,209500 ,209500 ,-,7.10%
2019-02-15,195610 ,195145 ,198410 ,194678 ,351.60K,-0.24%
2019-02-14,196080 ,197946 ,198880 ,192810 ,614.13K,-0.94%
2019-02-13,197950 ,199346 ,200280 ,197012 ,434.59K,-0.23%
2019-02-12,198410 ,201214 ,201680 ,197012 ,478.91K,-1.39%
2019-02-11,201210 ,203081 ,204010 ,200747 ,322.11K,-6.41%
2019-02-10,215000 ,215000 ,215000 ,215000 ,-,7.10%
2019-02-08,200750 ,199346 ,204480 ,198413 ,408.14K,0.47%
2019-02-07,199810 ,201214 ,202150 ,196078 ,460.24K,-6.85%
2019-02-06,214500 ,214500 ,214500 ,214500 ,-,7.10%
2019-02-01,200280 ,206349 ,206820 ,199813 ,600.03K,-2.05%
2019-01-31,204480 ,203081 ,206350 ,201681 ,898.84K,1.86%
2019-01-30,200750 ,198413 ,201210 ,197479 ,640.61K,2.14%
2019-01-29,196550 ,197479 ,199350 ,192810 ,529.52K,-0.23%
2019-01-28,197010 ,196545 ,200280 ,195612 ,892.19K,-5.51%
2019-01-27,208500 ,208500 ,208500 ,208500 ,-,7.10%
2019-01-25,194680 ,194678 ,196550 ,191877 ,672.11K,0.24%
2019-01-24,194210 ,187208 ,194210 ,186741 ,1.03M,4.00%
2019-01-23,186740 ,186741 ,187680 ,185341 ,455.15K,0.00%
2019-01-22,186740 ,185808 ,190010 ,185341 ,615.31K,1.01%
2019-01-21,184870 ,188142 ,188140 ,182073 ,929.66K,-8.02%
2019-01-20,201000 ,201000 ,201000 ,201000 ,-,7.10%
2019-01-18,187680 ,183940 ,189080 ,181606 ,1.34M,2.82%
2019-01-17,182540 ,187675 ,190940 ,182540 ,1.65M,-3.22%
2019-01-16,188610 ,194678 ,195610 ,187208 ,1.43M,-2.65%
2019-01-15,193740 ,197946 ,199810 ,191877 ,1.06M,-1.66%
2019-01-14,197010 ,201681 ,201680 ,196078 ,752.13K,-9.00%
2019-01-13,216500 ,216500 ,216500 ,216500 ,-,7.10%
2019-01-11,202150 ,202614 ,204010 ,199813 ,494.94K,0.00%
2019-01-10,202150 ,201214 ,206820 ,200280 ,947.81K,1.17%
2019-01-09,199810 ,201214 ,203080 ,196078 ,894.51K,0.23%
2019-01-08,199350 ,202148 ,204480 ,198413 ,620.31K,-1.16%
2019-01-07,201680 ,211951 ,211950 ,200747 ,1.13M,-8.33%
2019-01-06,220000 ,220000 ,220000 ,220000 ,-,7.10%
2019-01-04,205420 ,196545 ,206350 ,194211 ,1.19M,4.51%
2019-01-03,196550 ,199813 ,203080 ,194678 ,1.00M,-1.86%
2019-01-02,200280 ,209617 ,211020 ,198880 ,1.09M,-9.99%
2019-01-01,222500 ,222500 ,222500 ,222500 ,-,7.10%
2018-12-28,207750 ,209617 ,212420 ,203081 ,1.15M,-0.23%
2018-12-27,208220 ,225490 ,228290 ,207283 ,3.25M,-0.23%
2018-12-26,208710 ,186741 ,208710 ,186284 ,4.05M,-0.85%
2018-12-25,210500 ,210500 ,210500 ,210500 ,-,9.24%
2018-12-24,192690 ,199099 ,200470 ,192691 ,1.72M,-12.41%
2018-12-23,220000 ,220000 ,220000 ,220000 ,-,9.24%
2018-12-21,201390 ,206422 ,209170 ,200472 ,1.02M,-1.78%
2018-12-20,205050 ,204592 ,212830 ,204134 ,1.32M,-0.66%
2018-12-19,206420 ,201388 ,209170 ,199557 ,1.06M,3.20%
2018-12-18,200010 ,191776 ,204130 ,191318 ,946.42K,1.86%
2018-12-17,196350 ,194522 ,198640 ,183995 ,1.54M,-5.60%
2018-12-16,208000 ,208000 ,208000 ,208000 ,-,9.24%
2018-12-14,190400 ,198641 ,199100 ,189030 ,1.25M,-4.37%
2018-12-13,199100 ,206880 ,207340 ,197726 ,1.74M,-3.97%
2018-12-12,207340 ,203218 ,209630 ,203218 ,917.92K,2.95%
2018-12-11,201390 ,219238 ,219700 ,201388 ,2.44M,-10.02%
2018-12-10,223810 ,221984 ,226560 ,219696 ,614.89K,-8.84%
2018-12-09,245500 ,245500 ,245500 ,245500 ,-,7.10%
2018-12-07,229225 ,221288 ,231090 ,221290 ,821.58K,4.25%
2018-12-06,219888 ,225023 ,225490 ,219420 ,566.74K,-2.69%
2018-12-05,225957 ,223156 ,226420 ,221760 ,582.00K,-0.62%
2018-12-04,227358 ,225490 ,232490 ,225020 ,890.49K,1.25%
2018-12-03,224556 ,227824 ,229220 ,224090 ,528.69K,-6.24%
2018-12-02,239500 ,239500 ,239500 ,239500 ,-,7.10%
2018-11-30,223623 ,223623 ,225960 ,221290 ,723.08K,1.06%
2018-11-29,221288 ,233427 ,234360 ,220350 ,1.47M,0.42%
2018-11-28,220355 ,223156 ,225490 ,220350 ,502.05K,-0.84%
2018-11-27,222222 ,225490 ,226890 ,220350 ,673.67K,-1.04%
2018-11-26,224556 ,207750 ,225020 ,206820 ,1.12M,1.61%
2018-11-25,221000 ,221000 ,221000 ,221000 ,-,7.10%
2018-11-23,206349 ,208217 ,211950 ,205420 ,440.03K,-0.90%
2018-11-22,208217 ,211018 ,211950 ,207280 ,380.40K,-0.89%
2018-11-21,210084 ,207283 ,210550 ,203550 ,893.41K,-1.10%
2018-11-20,212418 ,211951 ,216150 ,210550 ,1.01M,-0.66%
2018-11-19,213819 ,211951 ,216150 ,207280 ,1.11M,-4.55%
2018-11-18,224000 ,224000 ,224000 ,224000 ,-,7.10%
2018-11-16,209150 ,205415 ,214290 ,204010 ,1.39M,2.52%
2018-11-15,204015 ,198880 ,204010 ,196080 ,1.39M,5.05%
2018-11-14,194211 ,187208 ,201210 ,186270 ,2.12M,3.74%
2018-11-13,187208 ,184874 ,192810 ,183940 ,2.79M,-0.74%
2018-11-12,188609 ,201681 ,203550 ,186740 ,3.45M,-17.82%
2018-11-11,229500 ,229500 ,229500 ,229500 ,-,7.10%
2018-11-09,214286 ,221288 ,222690 ,210080 ,1.17M,-3.77%
2018-11-08,222689 ,222689 ,225020 ,221290 ,843.30K,2.14%
2018-11-07,218021 ,225023 ,226420 ,218020 ,772.26K,-3.11%
2018-11-06,225023 ,225957 ,228760 ,220350 ,729.71K,0.42%
2018-11-05,224090 ,223156 ,226890 ,219890 ,898.00K,1.48%
2018-11-02,220822 ,218487 ,222690 ,214750 ,1.04M,3.96%
2018-11-01,212418 ,204949 ,224090 ,203550 ,2.02M,4.60%
2018-10-31,203081 ,212418 ,213820 ,201680 ,1.34M,-3.55%
2018-10-30,210551 ,200747 ,213350 ,198880 ,2.06M,3.44%
2018-10-29,203548 ,213352 ,218490 ,203550 ,1.51M,-4.39%
2018-10-26,212885 ,224556 ,225020 ,210550 ,1.62M,-3.59%
2018-10-25,220822 ,199813 ,222690 ,197480 ,3.74M,4.88%
2018-10-24,210551 ,231559 ,234830 ,209150 ,2.76M,-8.52%
2018-10-23,230159 ,232493 ,236690 ,228760 ,3.38M,-8.19%
2018-10-22,250700 ,252568 ,253970 ,248370 ,395.91K,-1.65%
2018-10-19,254902 ,240896 ,256300 ,238100 ,836.20K,4.80%
2018-10-18,243231 ,247899 ,250230 ,243230 ,495.02K,-1.88%
2018-10-17,247899 ,250700 ,251170 ,244160 ,648.58K,1.34%
2018-10-16,244631 ,244631 ,249300 ,241830 ,707.83K,0.19%
2018-10-15,244164 ,258170 ,258640 ,242760 ,983.38K,-11.05%
2018-10-14,274500 ,274500 ,274500 ,274500 ,-,7.10%
2018-10-12,256302 ,253501 ,259100 ,250700 ,951.04K,1.10%
2018-10-11,253501 ,264239 ,266110 ,253500 ,1.90M,-5.24%
2018-10-10,267507 ,272642 ,274040 ,267510 ,734.20K,-7.76%
2018-10-09,290000 ,290000 ,290000 ,290000 ,-,7.10%
2018-10-08,270775 ,268441 ,272640 ,267510 ,341.13K,-6.31%
2018-10-07,289000 ,289000 ,289000 ,289000 ,-,7.10%
2018-10-05,269841 ,271242 ,276380 ,268440 ,589.39K,-0.52%
2018-10-04,271242 ,270775 ,273580 ,265170 ,558.02K,-5.98%
2018-10-03,288500 ,288500 ,288500 ,288500 ,-,7.10%
2018-10-02,269374 ,272642 ,275910 ,268910 ,531.95K,-1.20%
2018-10-01,272642 ,277311 ,279650 ,269840 ,689.76K,-8.20%
2018-09-30,297000 ,297000 ,297000 ,297000 ,-,7.10%
2018-09-28,277311 ,281979 ,284310 ,273580 ,635.31K,-1.33%
2018-09-27,281046 ,281979 ,288520 ,281050 ,571.73K,-7.09%
2018-09-26,302500 ,302500 ,302500 ,302500 ,-,7.10%
2018-09-21,282446 ,280112 ,284310 ,276840 ,632.76K,2.02%
2018-09-20,276844 ,284314 ,290850 ,276380 ,1.19M,-3.10%
2018-09-19,285714 ,280112 ,287580 ,277780 ,920.39K,1.83%
2018-09-18,280579 ,281046 ,283380 ,277780 ,936.00K,-0.66%
2018-09-17,282446 ,278711 ,284780 ,277310 ,1.29M,-2.94%
2018-09-16,291000 ,291000 ,291000 ,291000 ,-,7.10%
2018-09-14,271709 ,273109 ,276840 ,269370 ,765.55K,-0.85%
2018-09-13,274043 ,268908 ,274510 ,266110 ,1.12M,2.98%
2018-09-12,266106 ,258170 ,268440 ,256300 ,1.11M,3.83%
2018-09-11,256302 ,254902 ,258640 ,253500 ,395.09K,0.18%
2018-09-10,255836 ,260504 ,262370 ,254440 ,455.28K,-8.47%
2018-09-09,279500 ,279500 ,279500 ,279500 ,-,7.10%
2018-09-07,260971 ,259570 ,262370 ,257700 ,432.05K,0.72%
2018-09-06,259104 ,256769 ,260500 ,253030 ,475.43K,1.09%
2018-09-05,256302 ,262372 ,265170 ,255370 ,672.18K,-1.96%
2018-09-04,261438 ,250233 ,262840 ,250230 ,1.06M,4.87%
2018-09-03,249300 ,250700 ,253500 ,247430 ,514.33K,-7.67%
2018-09-02,270000 ,270000 ,270000 ,270000 ,-,7.10%
2018-08-31,252101 ,248833 ,254440 ,247430 ,712.45K,1.31%
2018-08-30,248833 ,252101 ,252100 ,246970 ,581.94K,-1.11%
2018-08-29,251634 ,251167 ,255840 ,251170 ,427.65K,0.19%
2018-08-28,251167 ,260971 ,261440 ,251170 ,790.74K,-3.24%
2018-08-27,259570 ,261905 ,265170 ,259100 ,467.30K,-7.13%
2018-08-26,279500 ,279500 ,279500 ,279500 ,-,7.10%
2018-08-24,260971 ,256302 ,262370 ,253500 ,630.08K,2.01%
2018-08-23,255836 ,251634 ,255840 ,250230 ,418.49K,2.05%
2018-08-22,250700 ,252568 ,257240 ,250230 ,504.39K,0.00%
2018-08-21,250700 ,246965 ,253030 ,245100 ,669.81K,2.87%
2018-08-20,243697 ,248366 ,251170 ,243700 ,446.74K,-7.34%
2018-08-19,263000 ,263000 ,263000 ,263000 ,-,7.10%
2018-08-17,245565 ,241830 ,250700 ,241830 ,674.57K,1.74%
2018-08-16,241363 ,241363 ,245100 ,234830 ,818.24K,-7.52%
2018-08-15,261000 ,261000 ,261000 ,261000 ,-,7.10%
2018-08-14,243697 ,242764 ,249300 ,242760 ,585.77K,0.19%
2018-08-13,243231 ,253035 ,253500 ,241830 ,1.05M,-10.58%
2018-08-12,272000 ,272000 ,272000 ,272000 ,-,7.10%
2018-08-10,253968 ,257236 ,262370 ,252570 ,560.57K,-1.45%
2018-08-09,257703 ,249300 ,257700 ,246030 ,1.15M,0.00%
2018-08-08,257703 ,258170 ,262840 ,257240 ,497.82K,0.55%
2018-08-07,256302 ,253501 ,259570 ,245100 ,1.18M,0.18%
2018-08-06,255836 ,261905 ,264240 ,254440 ,404.53K,-8.79%
2018-08-05,280500 ,280500 ,280500 ,280500 ,-,7.10%
2018-08-03,261905 ,264706 ,266110 ,260040 ,390.66K,-0.35%
2018-08-02,262838 ,265640 ,266110 ,255840 ,742.84K,0.36%
2018-08-01,261905 ,258170 ,269840 ,257700 ,1.08M,3.32%
2018-07-31,253501 ,239963 ,254900 ,239500 ,771.79K,5.23%
2018-07-30,240896 ,237162 ,243230 ,232960 ,586.68K,-6.08%
2018-07-29,256500 ,256500 ,256500 ,256500 ,-,7.10%
2018-07-27,239496 ,239496 ,242760 ,237160 ,585.00K,0.79%
2018-07-26,237628 ,237628 ,243700 ,229220 ,1.26M,1.39%
2018-07-25,234360 ,248833 ,250230 ,230630 ,2.06M,-5.28%
2018-07-24,247432 ,250700 ,255840 ,245560 ,782.65K,-0.93%
2018-07-23,249767 ,266573 ,267040 ,249300 ,1.28M,-12.52%
2018-07-22,285500 ,285500 ,285500 ,285500 ,-,7.10%
2018-07-20,266573 ,268908 ,270770 ,263770 ,410.85K,-1.04%
2018-07-19,269374 ,272642 ,274040 ,264240 ,696.15K,-0.52%
2018-07-18,270775 ,277311 ,281980 ,270310 ,481.74K,-1.86%
2018-07-17,275910 ,275443 ,277780 ,272640 ,430.22K,0.68%
2018-07-16,274043 ,269841 ,279650 ,268910 ,612.26K,-4.85%
2018-07-15,288000 ,288000 ,288000 ,288000 ,-,7.10%
2018-07-13,268908 ,266573 ,270770 ,264240 ,564.26K,0.00%
2018-07-12,268908 ,258637 ,268910 ,258170 ,761.15K,4.16%
2018-07-11,258170 ,262372 ,262370 ,255840 ,609.43K,-1.60%
2018-07-10,262372 ,267507 ,270310 ,261900 ,517.08K,-1.06%
2018-07-09,265173 ,269841 ,272180 ,265170 ,465.15K,-8.40%
2018-07-08,289500 ,289500 ,289500 ,289500 ,-,7.10%
2018-07-06,270308 ,264239 ,273580 ,259570 ,810.83K,2.66%
2018-07-05,263305 ,273109 ,274980 ,259100 ,1.09M,-3.26%
2018-07-04,272176 ,281046 ,282450 ,271240 ,779.04K,-3.80%
2018-07-03,282913 ,287115 ,288050 ,279180 ,650.21K,-0.16%
2018-07-02,283380 ,282913 ,290850 ,282910 ,965.23K,0.00%
2018-06-29,283380 ,281046 ,286180 ,276840 ,793.04K,1.85%
2018-06-28,278245 ,280579 ,284310 ,276380 ,516.01K,-1.32%
2018-06-27,281979 ,279645 ,288050 ,277780 ,879.03K,0.33%
2018-06-26,281046 ,273109 ,281050 ,267970 ,760.01K,1.69%
2018-06-25,276377 ,279645 ,281050 ,273580 ,517.78K,-6.47%
2018-06-24,295500 ,295500 ,295500 ,295500 ,-,7.10%
2018-06-22,275910 ,270775 ,278710 ,269370 ,568.53K,1.20%
2018-06-21,272642 ,277778 ,278240 ,272180 ,781.81K,-1.68%
2018-06-20,277311 ,272176 ,281980 ,271240 ,999.72K,3.30%
2018-06-19,268441 ,285714 ,287110 ,267510 ,1.36M,-5.74%
2018-06-18,284781 ,281979 ,290380 ,279180 ,1.75M,-4.60%
2018-06-17,298500 ,298500 ,298500 ,298500 ,-,7.10%
2018-06-15,278711 ,262372 ,280110 ,261440 ,1.95M,6.61%
2018-06-14,261438 ,254435 ,261440 ,254440 ,1.17M,-4.24%
2018-06-13,273000 ,273000 ,273000 ,273000 ,-,7.10%
2018-06-12,254902 ,251634 ,257240 ,251170 ,701.95K,2.06%
2018-06-11,249767 ,251167 ,252570 ,249300 ,346.13K,-7.32%
2018-06-10,269500 ,269500 ,269500 ,269500 ,-,7.10%
2018-06-08,251634 ,253035 ,256770 ,250230 ,437.78K,-0.55%
2018-06-07,253035 ,250700 ,254900 ,248830 ,609.73K,-5.23%
2018-06-06,267000 ,267000 ,267000 ,267000 ,-,7.10%
2018-06-05,249300 ,252101 ,253030 ,247900 ,420.11K,0.19%
2018-06-04,248833 ,254435 ,255370 ,246500 ,716.72K,-9.02%
2018-06-03,273500 ,273500 ,273500 ,273500 ,-,7.10%
2018-06-01,255369 ,247899 ,257700 ,247430 ,911.87K,3.01%
2018-05-31,247899 ,256302 ,256300 ,247900 ,796.00K,-1.48%
2018-05-30,251634 ,252101 ,253500 ,245100 ,955.74K,-0.37%
2018-05-29,252568 ,255369 ,260970 ,252100 ,736.29K,-0.18%
2018-05-28,253035 ,251634 ,257700 ,249300 ,838.48K,-7.99%
2018-05-27,275000 ,275000 ,275000 ,275000 ,-,7.10%
2018-05-25,256769 ,246965 ,261440 ,246970 ,1.50M,3.97%
2018-05-24,246965 ,241830 ,250230 ,241360 ,835.70K,2.72%
2018-05-23,240429 ,252101 ,253500 ,239500 ,1.05M,-10.95%
2018-05-22,270000 ,270000 ,270000 ,270000 ,-,7.10%
2018-05-21,252101 ,253035 ,254900 ,250230 ,384.67K,-6.63%
2018-05-20,270000 ,270000 ,270000 ,270000 ,-,7.10%
2018-05-18,252101 ,253501 ,257240 ,251170 ,781.34K,0.93%
2018-05-17,249767 ,253501 ,254900 ,248370 ,658.30K,-0.37%
2018-05-16,250700 ,253035 ,255370 ,249300 ,1.17M,0.19%
2018-05-15,250233 ,244631 ,253500 ,244630 ,1.59M,5.10%
2018-05-14,238095 ,245098 ,246500 ,237630 ,829.32K,-8.43%
2018-05-13,260000 ,260000 ,260000 ,260000 ,-,7.10%
2018-05-11,242764 ,239963 ,249770 ,239030 ,1.10M,0.39%
2018-05-10,241830 ,242764 ,246500 ,235760 ,1.41M,0.00%
2018-05-09,241830 ,219421 ,246970 ,218490 ,2.71M,9.75%
2018-05-08,220355 ,234360 ,239030 ,218490 ,1.47M,-11.86%
2018-05-07,250000 ,250000 ,250000 ,250000 ,-,7.10%
2018-05-04,233427 ,245098 ,246500 ,232490 ,1.14M,-4.58%
2018-05-03,244631 ,244164 ,249300 ,239960 ,894.72K,1.16%
2018-05-02,241830 ,249767 ,254440 ,239030 ,1.36M,-10.76%
2018-05-01,271000 ,271000 ,271000 ,271000 ,-,7.10%
2018-04-30,253035 ,256769 ,262840 ,249300 ,1.09M,-8.49%
2018-04-29,276500 ,276500 ,276500 ,276500 ,-,7.10%
2018-04-27,258170 ,247899 ,259570 ,242760 ,1.37M,7.59%
2018-04-26,239963 ,239963 ,243230 ,238560 ,1.01M,2.39%
2018-04-25,234360 ,229225 ,239500 ,227820 ,1.40M,1.01%
2018-04-24,232026 ,234360 ,243230 ,231560 ,1.76M,-0.80%
2018-04-23,233894 ,247432 ,249770 ,232960 ,2.10M,-13.05%
2018-04-22,269000 ,269000 ,269000 ,269000 ,-,7.10%
2018-04-20,251167 ,248366 ,257240 ,240430 ,2.06M,0.94%
2018-04-19,248833 ,264239 ,264710 ,247900 ,2.35M,-6.33%
2018-04-18,265640 ,274977 ,275910 ,264240 ,992.58K,-1.90%
2018-04-17,270775 ,276377 ,276380 ,269840 ,699.15K,-1.86%
2018-04-16,275910 ,270308 ,281980 ,270310 ,873.36K,-4.86%
2018-04-15,290000 ,290000 ,290000 ,290000 ,-,7.10%
2018-04-13,270775 ,275443 ,275440 ,267510 ,1.05M,-2.85%
2018-04-12,278711 ,279178 ,282910 ,273580 ,1.09M,0.17%
2018-04-11,278245 ,285714 ,287580 ,278240 ,720.87K,-1.65%
2018-04-10,282913 ,288982 ,290850 ,281050 ,865.52K,-0.98%
2018-04-09,285714 ,278711 ,289450 ,273580 ,1.20M,-2.15%
2018-04-08,292000 ,292000 ,292000 ,292000 ,-,7.10%
2018-04-06,272642 ,276377 ,280580 ,272180 ,667.55K,-1.02%
2018-04-05,275443 ,272176 ,286650 ,264710 ,1.91M,0.34%
2018-04-04,274510 ,283380 ,285710 ,272180 ,1.24M,-1.67%
2018-04-03,279178 ,279645 ,284310 ,277310 ,918.90K,-1.64%
2018-04-02,283847 ,289916 ,295050 ,283850 ,740.70K,-8.29%
2018-04-01,309500 ,309500 ,309500 ,309500 ,-,7.10%
2018-03-30,288982 ,298319 ,300190 ,288520 ,1.28M,-2.37%
2018-03-29,295985 ,277311 ,296920 ,275440 ,2.07M,9.50%
2018-03-28,270308 ,272642 ,274510 ,261900 ,2.70M,-2.53%
2018-03-27,277311 ,286648 ,288050 ,277310 ,1.20M,-1.00%
2018-03-26,280112 ,281046 ,284780 ,274510 ,1.41M,-6.63%
2018-03-25,300000 ,300000 ,300000 ,300000 ,-,7.10%
2018-03-23,280112 ,282446 ,291780 ,278240 ,1.54M,-3.38%
2018-03-22,289916 ,291316 ,297850 ,284780 ,1.25M,-0.32%
2018-03-21,290850 ,301587 ,302990 ,290380 ,1.28M,-3.41%
2018-03-20,301120 ,295051 ,303450 ,291780 ,1.22M,1.10%
2018-03-19,297852 ,305322 ,307660 ,296450 ,886.58K,-8.07%
2018-03-18,324000 ,324000 ,324000 ,324000 ,-,7.10%
2018-03-16,302521 ,303455 ,310460 ,299720 ,1.44M,0.47%
2018-03-15,301120 ,292250 ,305790 ,289920 ,2.13M,5.22%
2018-03-14,286181 ,286181 ,295050 ,283380 ,2.01M,-1.45%
2018-03-13,290383 ,299720 ,299720 ,284780 ,3.15M,-3.42%
2018-03-12,300654 ,302521 ,311390 ,292720 ,2.72M,-7.77%
2018-03-11,326000 ,326000 ,326000 ,326000 ,-,7.10%
2018-03-09,304388 ,322596 ,331470 ,301590 ,3.72M,-7.91%
2018-03-08,330532 ,309057 ,330530 ,308590 ,8.01M,8.92%
2018-03-07,303455 ,323996 ,328200 ,302990 ,5.54M,-12.16%
2018-03-06,345471 ,351074 ,356210 ,334730 ,2.13M,-0.94%
2018-03-05,348739 ,360878 ,366010 ,333330 ,3.32M,-6.25%
2018-03-04,372000 ,372000 ,372000 ,372000 ,-,7.10%
2018-03-02,347339 ,329598 ,347340 ,327730 ,2.07M,-1.60%
2018-03-01,353000 ,353000 ,353000 ,353000 ,-,7.10%
2018-02-28,329598 ,319795 ,340340 ,319330 ,2.54M,0.57%
2018-02-27,327731 ,311858 ,331000 ,308590 ,2.23M,7.50%
2018-02-26,304855 ,299720 ,306260 ,299250 ,869.39K,-4.13%
2018-02-25,318000 ,318000 ,318000 ,318000 ,-,7.10%
2018-02-23,296919 ,288515 ,301120 ,286650 ,1.04M,3.41%
2018-02-22,287115 ,284781 ,292720 ,281050 ,771.79K,0.00%
2018-02-21,287115 ,283847 ,290850 ,281980 ,768.06K,1.15%
2018-02-20,283847 ,292717 ,297850 ,281050 ,1.15M,-3.95%
2018-02-19,295518 ,304388 ,304390 ,290850 ,1.43M,-5.43%
2018-02-18,312500 ,312500 ,312500 ,312500 ,-,7.10%
2018-02-14,291783 ,279178 ,292720 ,276840 ,1.81M,6.29%
2018-02-13,274510 ,285714 ,287580 ,274510 ,1.27M,-2.81%
2018-02-12,282446 ,275910 ,290850 ,275440 ,2.25M,-1.93%
2018-02-11,288000 ,288000 ,288000 ,288000 ,-,7.10%
2018-02-09,268908 ,241830 ,273580 ,240430 ,3.16M,6.12%
2018-02-08,253408 ,234640 ,254900 ,222690 ,8.25M,6.02%
2018-02-07,239029 ,271989 ,272640 ,239030 ,3.52M,-9.92%
2018-02-06,265359 ,257890 ,271900 ,254150 ,2.76M,-0.63%
2018-02-05,267040 ,273950 ,280020 ,267040 ,1.43M,-11.40%
2018-02-04,301400 ,301400 ,301400 ,301400 ,-,7.10%
2018-02-02,281419 ,280392 ,286090 ,270770 ,1.75M,0.53%
2018-02-01,279925 ,293931 ,297200 ,277590 ,2.03M,-5.04%
2018-01-31,294771 ,296545 ,300750 ,291780 ,1.46M,-3.34%
2018-01-30,304949 ,311765 ,316530 ,303640 ,1.89M,-0.52%
2018-01-29,306536 ,274416 ,315130 ,274420 ,2.24M,2.18%
2018-01-28,300000 ,300000 ,300000 ,300000 ,-,7.10%
2018-01-26,280112 ,267974 ,281700 ,263590 ,1.69M,3.56%
2018-01-25,270495 ,271989 ,275440 ,263590 ,1.48M,-1.29%
2018-01-24,274043 ,289449 ,291320 ,271990 ,1.66M,-1.84%
2018-01-23,279178 ,267787 ,280210 ,264800 ,2.38M,6.56%
2018-01-22,261998 ,262372 ,270680 ,252570 ,2.94M,-8.97%
2018-01-21,287800 ,287800 ,287800 ,287800 ,-,7.10%
2018-01-19,268721 ,298786 ,299530 ,265550 ,3.95M,-9.87%
2018-01-18,298133 ,288422 ,301960 ,285340 ,2.08M,1.85%
2018-01-17,292717 ,324370 ,324460 ,291780 ,3.65M,-9.76%
2018-01-16,324370 ,318394 ,327170 ,312980 ,1.71M,-0.74%
2018-01-15,326797 ,320728 ,332490 ,306720 ,3.13M,-4.31%
2018-01-14,341500 ,341500 ,341500 ,341500 ,-,7.10%
2018-01-12,318861 ,303081 ,349210 ,296450 ,6.13M,11.24%
2018-01-11,286648 ,278805 ,286650 ,273580 ,1.81M,3.72%
2018-01-10,276377 ,283193 ,294120 ,266110 ,3.51M,1.20%
2018-01-09,273109 ,283847 ,298790 ,271900 ,5.40M,-3.31%
2018-01-08,282446 ,260037 ,283100 ,258820 ,4.51M,5.82%
2018-01-07,266900 ,266900 ,266900 ,266900 ,-,7.10%
2018-01-05,249206 ,238002 ,249300 ,237160 ,2.04M,6.76%
2018-01-04,233427 ,233053 ,243880 ,229040 ,3.49M,1.34%
2018-01-03,230345 ,213725 ,230810 ,212040 ,2.57M,9.21%
2018-01-02,210924 ,208777 ,212610 ,207470 ,1.24M,-4.60%
