date,close_price,open_price,high,low,volue,variation
2021-06-18,235000,237000,238000,235000,992.95K,-0.63%
2021-06-17,236500,238500,239500,236000,0.20K,-1.25%
2021-06-16,239500,237000,243000,237000,1.28K,1.05%
2021-06-15,237000,238000,239000,235500,1.05K,-0.42%
2021-06-14,238000,239000,239500,235000,0.03K,-0.21%
2021-06-13,238500,238500,238500,238500,-,0.00%
2021-06-11,238500,237500,241500,237000,677.30K,1.06%
2021-06-10,236000,238500,240000,236000,0.08K,-1.46%
2021-06-09,239500,242500,245500,239000,0.34K,-1.64%
2021-06-08,243500,241500,245000,238500,1.66K,0.83%
2021-06-07,241500,244500,247500,240500,0.06K,0.00%
2021-06-06,241500,241500,241500,241500,-,0.00%
2021-06-04,241500,241500,243000,238000,1.33,1.26%
2021-06-03,238500,238500,240500,236500,1.03,0.21%
2021-06-02,238000,239000,243000,235500,0.03K,0.42%
2021-06-01,237000,235000,237500,233000,0.31K,0.85%
2021-05-31,235000,233000,235500,230500,1.13,1.29%
2021-05-30,232000,232000,232000,232000,-,0.00%
2021-05-28,232000,223500,232500,223000,2.39,5.22%
2021-05-27,220500,223000,223500,220000,0.08K,-1.34%
2021-05-26,223500,228000,229000,222500,0.17K,-1.76%
2021-05-25,227500,230000,230000,225000,0.16K,-0.22%
2021-05-24,228000,227500,231000,226000,0.01K,0.22%
2021-05-23,227500,227500,227500,227500,-,0.00%
2021-05-21,227500,227000,233000,225500,1.33,1.34%
2021-05-20,224500,228500,230500,224000,0.00K,-2.81%
2021-05-19,231000,231000,231000,231000,-,0.00%
2021-05-18,231000,227500,232500,226000,1.03,1.76%
2021-05-17,227000,232000,232500,225000,0.61K,-0.87%
2021-05-16,229000,229000,229000,229000,-,0.00%
2021-05-14,229000,234000,236000,226500,1.35,-0.22%
2021-05-13,229500,224000,232000,222500,0.05K,0.88%
2021-05-12,227500,226500,233000,223000,0.28K,0.44%
2021-05-11,226500,227000,228500,223500,1.96K,-1.31%
2021-05-10,229500,226000,230000,225500,0.50K,2.46%
2021-05-09,224000,224000,224000,224000,-,0.00%
2021-05-07,224000,223500,227000,221000,598.37K,0.22%
2021-05-06,223500,223000,225000,221000,643.13K,0.00%
2021-05-05,223500,223500,223500,223500,-,0.00%
2021-05-04,223500,220000,224500,217500,946.55K,2.52%
2021-05-03,218000,212000,222500,211000,1.18,2.83%
2021-05-02,212000,212000,212000,212000,-,0.00%
2021-04-30,212000,216000,216500,211000,1.16,-2.53%
2021-04-29,217500,221000,221000,217000,0.99K,-1.81%
2021-04-28,221500,220000,223500,219500,0.29K,0.68%
2021-04-27,220000,222500,222500,218000,0.13K,-0.68%
2021-04-26,221500,222000,222500,220000,0.14K,0.23%
2021-04-25,221000,221000,221000,221000,-,0.00%
2021-04-23,221000,225500,225500,220500,1.18,-2.21%
2021-04-22,226000,226500,231000,225500,0.66K,0.22%
2021-04-21,225500,228000,228000,224000,0.02K,-1.53%
2021-04-20,229000,230000,231000,228500,0.27K,-0.43%
2021-04-19,230000,231500,232500,229500,0.52K,-0.65%
2021-04-18,231500,231500,231500,231500,-,0.00%
2021-04-16,231500,231500,233500,230500,572.37K,0.43%
2021-04-15,230500,232500,232500,229000,0.49K,-0.86%
2021-04-14,232500,231000,236500,230500,0.59K,1.09%
2021-04-13,230000,226500,230000,226500,0.07K,1.77%
2021-04-12,226000,228000,228500,225500,0.23K,-1.09%
2021-04-11,228500,228500,228500,228500,-,0.00%
2021-04-09,228500,231500,232000,227000,721.75K,-1.30%
2021-04-08,231500,229000,233500,227000,909.70K,0.65%
2021-04-07,230000,228500,232500,226500,0.55K,0.00%
2021-04-06,230000,234500,235000,229500,0.68K,-1.71%
2021-04-05,234000,236000,236500,230000,0.38K,0.21%
2021-04-04,233500,233500,233500,233500,-,0.00%
2021-04-02,233500,225500,238500,225000,3.63,6.62%
2021-04-01,219000,220500,224000,218500,0.00K,0.46%
2021-03-31,218000,221000,221000,218000,0.08K,-0.68%
2021-03-30,219500,215500,221000,215000,926.61K,1.86%
2021-03-29,215500,215500,217500,211000,1.17,0.00%
2021-03-28,215500,215500,215500,215500,-,0.00%
2021-03-26,215500,219500,219500,212000,1.47,-1.15%
2021-03-25,218000,218500,220500,216000,1.07,-1.36%
2021-03-24,221000,225000,225500,220000,0.71K,-2.43%
2021-03-23,226500,230000,231000,225500,0.10K,-1.09%
2021-03-22,229000,230000,230500,227500,0.05K,-0.22%
2021-03-21,229500,229500,229500,229500,-,0.00%
2021-03-19,229500,230000,232000,229000,1.02,-1.92%
2021-03-18,234000,234500,238000,233500,0.01K,0.86%
2021-03-17,232000,234000,234000,230000,0.41K,-0.85%
2021-03-16,234000,233000,235000,232000,1.26K,0.86%
2021-03-15,232000,233000,236000,230000,0.01K,-0.22%
2021-03-14,232500,232500,232500,232500,-,0.00%
2021-03-12,232500,231500,233500,229000,813.92K,1.75%
2021-03-11,228500,228000,232000,227500,0.00K,0.44%
2021-03-10,227500,236000,236500,227000,0.66K,-1.73%
2021-03-09,231500,230500,234000,228000,0.09K,0.43%
2021-03-08,230500,237000,237500,230000,1.23K,-1.91%
2021-03-07,235000,235000,235000,235000,-,0.00%
2021-03-05,235000,230500,237000,228500,1.15,0.00%
2021-03-04,235000,236000,238000,232500,0.55K,-2.08%
2021-03-03,240000,239000,241500,236500,0.31K,0.42%
2021-03-02,239000,244500,249000,237000,0.71K,0.84%
2021-03-01,237000,237000,237000,237000,-,0.00%
2021-02-26,237000,238500,248500,235500,2.68,-3.27%
2021-02-25,245000,239000,245000,235000,1.23K,4.26%
2021-02-24,235000,246500,248500,235000,0.17K,-3.89%
2021-02-23,244500,243000,247500,237000,4.82K,1.24%
2021-02-22,241500,243000,247000,240000,1.22K,-0.21%
2021-02-21,242000,242000,242000,242000,-,0.00%
2021-02-19,242000,236500,242000,235500,1.16,2.76%
2021-02-18,235500,241000,243500,235500,1.14K,-3.29%
2021-02-17,243500,248000,248000,242500,0.67K,-1.62%
2021-02-16,247500,249000,251000,245000,2.90K,0.00%
2021-02-15,247500,247000,248500,244000,0.15K,1.02%
2021-02-14,245000,245000,245000,245000,-,0.00%
2021-02-10,245000,239000,246000,235000,1.22,3.59%
2021-02-09,236500,233000,240500,232500,0.05K,1.07%
2021-02-08,234000,239000,240500,228500,0.92K,-6.21%
2021-02-07,249500,249500,249500,249500,-,0.00%
2021-02-05,249500,249500,250500,243000,1.53,0.40%
2021-02-04,248500,251000,253000,244000,0.94K,1.22%
2021-02-03,245500,245000,252000,243000,0.23K,2.08%
2021-02-02,240500,241000,243500,236000,0.17K,0.84%
2021-02-01,238500,229000,238500,224500,0.26K,4.15%
2021-01-31,229000,229000,229000,229000,-,0.00%
2021-01-29,229000,242000,242500,227000,2.64,-3.98%
2021-01-28,238500,238000,243500,236500,0.18K,-2.85%
2021-01-27,245500,252500,254500,245000,0.17K,-2.39%
2021-01-26,251500,260000,260500,250500,0.74K,-3.27%
2021-01-25,260000,253000,261500,251500,1.89K,1.17%
2021-01-24,257000,257000,257000,257000,-,0.00%
2021-01-22,257000,261000,263000,257000,2.07,-2.84%
2021-01-21,264500,264000,266500,259500,2.57,2.12%
2021-01-20,259000,271000,276500,254000,2.64K,-0.96%
2021-01-19,261500,244000,261500,244000,0.21K,8.51%
2021-01-18,241000,237500,246500,234000,1.99K,0.42%
2021-01-17,240000,240000,240000,240000,-,0.00%
2021-01-15,240000,252000,255000,239000,3.86,-4.19%
2021-01-14,250500,251500,255000,248500,4.53K,-3.28%
2021-01-13,259000,260000,265000,250000,19.21K,-0.77%
2021-01-12,261000,263000,274500,250500,11.26K,-2.43%
2021-01-11,267500,257000,288500,256000,18.10K,8.74%
2021-01-10,246000,246000,246000,246000,-,0.00%
2021-01-08,246000,240500,257000,225000,19.72,19.42%
2021-01-07,206000,205500,210500,204500,0.18K,1.48%
2021-01-06,203000,209500,211000,202500,1.09K,-3.10%
2021-01-05,209500,207000,213000,205000,1.31K,0.96%
2021-01-04,207500,192000,211000,192000,3.13K,8.07%
2020-12-30,192000,190500,193500,189000,1.35,0.79%
2020-12-29,190500,191500,191500,188000,0.49K,0.53%
2020-12-28,189500,189000,193000,187500,2.35,1.34%
2020-12-27,187000,187000,187000,187000,-,0.00%
2020-12-24,187000,185000,189000,185000,1.05,1.08%
2020-12-23,185000,183000,188500,183000,0.07K,0.54%
2020-12-22,184000,186000,186500,183000,1.57K,-1.60%
2020-12-21,187000,189000,189000,185000,0.11K,-1.06%
2020-12-20,189000,189000,189000,189000,-,0.00%
2020-12-18,189000,191000,191000,189000,918.15K,-0.79%
2020-12-17,190500,190000,190500,188000,1.32K,0.26%
2020-12-16,190000,190500,193000,189500,0.15K,0.80%
2020-12-15,188500,189000,190500,186000,0.12K,-0.26%
2020-12-14,189000,190500,191000,187000,0.69K,-0.53%
2020-12-13,190000,190000,190000,190000,-,0.00%
2020-12-11,190000,193000,194500,190000,1.57,-0.78%
2020-12-10,191500,189000,193500,188500,0.19K,0.00%
2020-12-09,191500,188000,192000,187000,0.63K,2.68%
2020-12-08,186500,191500,192000,186000,0.39K,-3.62%
2020-12-07,193500,195000,198500,190500,0.89K,-1.53%
2020-12-06,196500,196500,196500,196500,-,0.00%
2020-12-04,196500,198000,199000,195000,3.21,0.00%
2020-12-03,196500,182500,196500,182000,0.48K,7.67%
2020-12-02,182500,183500,184500,181500,1.68,-0.54%
2020-12-01,183500,183000,184500,179500,1.79,1.10%
2020-11-30,181500,181500,188500,181500,3.94,0.28%
2020-11-29,181000,181000,181000,181000,-,0.00%
2020-11-27,181000,179000,181000,178000,1.03,1.12%
2020-11-26,179000,179500,181000,178000,0.96K,-0.28%
2020-11-25,179500,183500,184000,178000,0.42K,-0.83%
2020-11-24,181000,181000,183000,179500,1.5,1.12%
2020-11-23,179000,175500,179500,175000,0.07K,1.13%
2020-11-22,177000,177000,177000,177000,-,0.00%
2020-11-20,177000,179000,179500,177000,1.26,-1.67%
2020-11-19,180000,179000,181500,177500,0.89K,0.28%
2020-11-18,179500,183500,185500,179000,1.85K,-1.64%
2020-11-17,182500,179500,185000,178000,2.56K,1.96%
2020-11-16,179000,182500,183500,178000,0.08K,0.85%
2020-11-15,177500,177500,177500,177500,-,0.00%
2020-11-13,177500,174000,178500,173500,2.39,2.01%
2020-11-12,174000,175500,177000,173500,1.23K,-0.85%
2020-11-11,175500,174500,179000,173000,2.27K,1.15%
2020-11-10,173500,174500,174500,172000,1.04K,0.58%
2020-11-09,172500,172500,174500,172000,1.51,1.17%
2020-11-08,170500,170500,170500,170500,-,0.00%
2020-11-06,170500,176500,177000,169500,2.22,-2.57%
2020-11-05,175000,173000,175000,173000,0.53K,2.04%
2020-11-04,171500,172500,175000,170500,0.68K,0.59%
2020-11-03,170500,171000,172000,169000,994.03K,0.00%
2020-11-02,170500,166000,170500,166000,1.05,3.65%
2020-11-01,164500,164500,164500,164500,-,0.00%
2020-10-30,164500,169000,169500,164500,1.44,-3.24%
2020-10-29,170000,169000,171000,168000,2.38K,-2.02%
2020-10-28,173500,172000,174000,169500,0.01K,0.58%
2020-10-27,172500,173500,178000,171000,0.26K,0.58%
2020-10-26,171500,167000,174000,164000,4.48K,2.69%
2020-10-25,167000,167000,167000,167000,-,0.00%
2020-10-23,167000,163500,168000,163000,1.88,2.77%
2020-10-22,162500,163000,163500,161000,0.54K,-1.81%
2020-10-21,165500,166500,167500,163500,0.18K,-1.19%
2020-10-20,167500,157500,168500,157000,0.35K,-0.30%
2020-10-19,168000,170000,172000,167500,0.33K,-2.33%
2020-10-18,172000,172000,172000,172000,-,0.00%
2020-10-16,172000,176500,177500,169000,3.18,-2.27%
2020-10-15,176000,177000,178500,175000,0.83K,-1.12%
2020-10-14,178000,181000,183500,177000,0.97K,-0.56%
2020-10-13,179000,181000,181000,176500,0.21K,-0.56%
2020-10-12,180000,178000,181500,176500,0.19K,-0.28%
2020-10-11,180500,180500,180500,180500,-,0.00%
2020-10-08,180500,185500,186000,180000,1.71,-1.37%
2020-10-07,183000,180500,183500,178500,0.01K,0.27%
2020-10-06,182500,188000,188500,181500,0.42K,-2.41%
2020-10-05,187000,183000,187000,181500,0.06K,4.76%
2020-10-04,178500,178500,178500,178500,-,0.00%
2020-09-29,178500,178500,180000,177500,1.4,1.71%
2020-09-28,175500,173000,176000,172000,0.07K,3.24%
2020-09-27,170000,170000,170000,170000,-,0.00%
2020-09-25,170000,172500,174000,166000,2.06,-0.87%
2020-09-24,171500,174000,175500,171000,1.26K,-4.46%
2020-09-23,179500,183000,183000,170500,0.66K,0.00%
2020-09-22,179500,185000,186000,178000,0.01K,-2.97%
2020-09-21,185000,181000,188500,181000,3.23K,2.21%
2020-09-20,181000,181000,181000,181000,-,0.00%
2020-09-18,181000,184000,186000,179000,2.56,-1.63%
2020-09-17,184000,186000,191000,183000,1.41K,0.27%
2020-09-16,183500,180000,186000,177500,0.05K,2.51%
2020-09-15,179000,183500,185000,178500,0.25K,-0.56%
2020-09-14,180000,174500,180000,174000,0.03K,4.96%
2020-09-13,171500,171500,171500,171500,-,0.00%
2020-09-11,171500,167500,171500,167500,1.52,1.48%
2020-09-10,169000,170500,171500,168000,1.82K,0.90%
2020-09-09,167500,167000,172000,166000,0.09K,-0.30%
2020-09-08,168000,171500,172500,168000,11.60K,-1.18%
2020-09-07,170000,173000,173000,169000,1.64K,-1.45%
2020-09-06,172500,172500,172500,172500,-,0.00%
2020-09-04,172500,167500,174000,167500,2.87,-2.27%
2020-09-03,176500,177500,177500,174000,0.92K,0.28%
2020-09-02,176000,177500,178500,173500,1.52K,-2.22%
2020-09-01,180000,178500,180500,176000,0.41K,1.98%
2020-08-31,176500,177000,182000,175000,0.09K,2.62%
2020-08-30,172000,172000,172000,172000,-,0.00%
2020-08-28,172000,165500,176500,164500,5.53,5.20%
2020-08-27,163500,169000,169000,163500,1.27K,-2.39%
2020-08-26,167500,166500,169500,163500,1.22K,0.90%
2020-08-25,166000,167500,170500,165000,0.41K,2.79%
2020-08-24,161500,157500,163000,152500,0.11K,3.53%
2020-08-23,156000,156000,156000,156000,-,0.00%
2020-08-21,156000,158000,161500,154000,3.33,0.65%
2020-08-20,155000,163000,165500,154000,8.08K,-5.78%
2020-08-19,164500,158000,165500,158000,7.74K,4.11%
2020-08-18,158000,163500,167500,155500,4.28K,-5.39%
2020-08-17,167000,167000,167000,167000,-,0.00%
2020-08-14,167000,171000,172000,161000,4.42,-1.76%
2020-08-13,170000,175000,177500,167000,1.04K,-1.16%
2020-08-12,172000,174000,178000,170500,0.73K,-3.91%
2020-08-11,179000,172000,180500,164500,4.10K,5.29%
2020-08-10,170000,151500,172000,151500,0.84K,15.65%
2020-08-09,147000,147000,147000,147000,-,0.00%
2020-08-07,147000,145500,149500,144500,3.19,1.73%
2020-08-06,144500,136500,145500,136500,0.87K,7.84%
2020-08-05,134000,133000,135500,132000,0.11K,1.13%
2020-08-04,132500,129500,134000,129000,0.31K,4.33%
2020-08-03,127000,126500,128500,123500,1.86,0.40%
2020-08-02,126500,126500,126500,126500,-,0.00%
2020-07-31,126500,128000,129500,125000,1.71,-0.78%
2020-07-30,127500,127000,130500,126000,4.39K,2.00%
2020-07-29,125000,122000,125500,120000,0.01K,1.63%
2020-07-28,123000,125000,125500,122000,2.52K,-0.40%
2020-07-27,123500,122500,126500,122500,1.08K,0.82%
2020-07-26,122500,122500,122500,122500,-,0.00%
2020-07-24,122500,123500,129000,121500,3.89,-1.61%
2020-07-23,124500,118500,125500,116000,4.48,5.06%
2020-07-22,118500,122000,124000,118500,1.63K,-2.47%
2020-07-21,121500,122000,124500,118000,0.13K,0.00%
2020-07-20,121500,119000,125000,118000,11.90K,3.40%
2020-07-19,117500,117500,117500,117500,-,0.00%
2020-07-17,117500,109500,119000,109500,4.21,6.82%
2020-07-16,110000,110500,113000,109000,1.29K,0.92%
2020-07-15,109000,104500,110000,104000,0.06K,7.39%
2020-07-14,101500,101500,102000,99900,1.04,0.00%
2020-07-13,101500,101000,101500,100000,4.25K,3.26%
2020-07-10,98300,99400,99500,98000,1.09,-1.31%
2020-07-09,99600,100000,101000,99600,2.14K,0.00%
2020-07-08,99600,99200,101000,99100,0.31K,0.40%
2020-07-07,99200,103000,103500,99200,2.11K,-2.27%
2020-07-06,101500,99700,102500,98800,0.08K,2.32%
2020-07-05,99200,99200,99200,99200,-,0.00%
2020-07-03,99200,99900,100500,98600,566.56K,0.20%
2020-07-02,99000,98300,99700,98300,0.00K,0.81%
2020-07-01,98200,98700,99500,98000,0.40K,0.51%
2020-06-30,97700,99100,99300,97700,0.12K,0.00%
2020-06-29,97700,97700,98700,97600,939.17K,-2.30%
2020-06-28,100000,100000,100000,100000,-,0.00%
2020-06-26,100000,100500,101000,99500,668.02K,0.60%
2020-06-25,99400,100500,101000,99400,0.02K,-3.50%
2020-06-24,103000,100500,103500,99900,0.12K,4.36%
2020-06-23,98700,99200,101000,98000,0.01K,0.20%
2020-06-22,98500,99100,100000,98500,0.01K,-1.50%
2020-06-21,100000,100000,100000,100000,-,0.00%
2020-06-19,100000,101000,101500,99100,871.40K,0.00%
2020-06-18,100000,99100,102000,98400,0.59K,-0.50%
2020-06-17,100500,100000,100500,99400,0.20K,-0.99%
2020-06-16,101500,99100,101500,99100,1.36,4.64%
2020-06-15,97000,102000,102500,97000,0.27K,-6.28%
2020-06-14,103500,103500,103500,103500,-,0.00%
2020-06-12,103500,101500,105000,101500,1.95,-4.61%
2020-06-11,108500,110500,111000,107000,0.25K,-2.69%
2020-06-10,111500,111000,112000,109000,1.99K,-0.45%
2020-06-09,112000,114000,115000,110500,1.01K,-0.88%
2020-06-08,113000,114000,114500,111500,0.00K,1.80%
2020-06-07,111000,111000,111000,111000,-,0.00%
2020-06-05,111000,108000,112000,106500,2.01,2.30%
2020-06-04,108500,111500,113000,105000,0.01K,0.00%
2020-06-03,108500,105500,110000,105500,0.17K,5.85%
2020-06-02,102500,99500,103000,98700,0.20K,2.50%
2020-06-01,100000,98000,101500,98000,1.89,2.04%
2020-05-31,98000,98000,98000,98000,-,0.00%
2020-05-29,98000,96300,99200,96300,1.98,0.82%
2020-05-28,97200,99600,99600,96200,0.26K,-0.92%
2020-05-27,98100,98800,99400,97300,0.23K,0.31%
2020-05-26,97800,95900,99500,95600,0.53K,1.88%
2020-05-25,96000,94900,96200,94000,0.23K,1.59%
2020-05-24,94500,94500,94500,94500,-,0.00%
2020-05-22,94500,97100,97200,94000,1.61,-2.78%
2020-05-21,97200,98600,98700,96600,1.46,-0.10%
2020-05-20,97300,98100,98100,96400,0.09K,-1.82%
2020-05-19,99100,95100,99300,94700,0.73K,7.83%
2020-05-18,91900,92200,92200,91000,0.07K,-0.43%
2020-05-17,92300,92300,92300,92300,-,0.00%
2020-05-15,92300,92000,92700,91200,819.54K,0.00%
2020-05-14,92300,92500,92900,91500,0.28K,-0.86%
2020-05-13,93100,90800,93100,90500,1.71K,1.31%
2020-05-12,91900,93200,93800,91100,1.25,-1.92%
2020-05-11,93700,95800,96500,93500,1.68,-0.85%
2020-05-10,94500,94500,94500,94500,-,0.00%
2020-05-08,94500,93000,95400,93000,1.74,2.05%
2020-05-07,92600,92800,93000,91800,823.24K,-0.64%
2020-05-06,93200,93300,94200,92600,1.03,1.86%
2020-05-05,91500,91500,91500,91500,-,0.00%
2020-05-04,91500,91100,92900,90700,1.26,-2.24%
2020-05-03,93600,93600,93600,93600,-,0.00%
2020-04-29,93600,93500,94000,92400,1.18,0.43%
2020-04-28,93200,92500,94400,92200,1.44,1.75%
2020-04-27,91600,90300,92500,90200,1.21,1.66%
2020-04-26,90100,90100,90100,90100,-,0.00%
2020-04-24,90100,91300,92300,90100,1.85,-2.49%
2020-04-23,92400,93700,95100,92100,3.15,-0.22%
2020-04-22,92600,90800,95200,89400,3.1,-0.96%
2020-04-21,93500,96100,96500,91300,3.62,-4.20%
2020-04-20,97600,100000,100500,97100,2.13,-2.89%
2020-04-19,100500,100500,100500,100500,-,0.00%
2020-04-17,100500,101000,103500,100000,1.48,1.41%
2020-04-16,99100,98900,100500,98300,1.34,-0.90%
2020-04-15,100000,100000,100000,100000,-,0.00%
2020-04-14,100000,98600,101500,97700,1.58,2.25%
2020-04-13,97800,98800,99000,97400,1.33,-1.91%
2020-04-12,99700,99700,99700,99700,-,0.00%
2020-04-10,99700,97400,101500,96200,2.8,2.68%
2020-04-09,97100,92300,97900,91100,3.76,7.89%
2020-04-08,90000,89800,91900,88900,1.78,-0.44%
2020-04-07,90400,92100,92500,88600,2.58,1.80%
2020-04-06,88800,86500,88800,85900,1.67,2.90%
2020-04-05,86300,86300,86300,86300,-,0.00%
2020-04-03,86300,86600,87000,85600,1.16,-0.35%
2020-04-02,86600,85300,86800,83000,1.48,1.41%
2020-04-01,85400,88500,90100,85300,2.11,-3.72%
2020-03-31,88700,87700,88700,86000,2.11,3.86%
2020-03-30,85400,82800,86400,82100,1.73,-1.16%
2020-03-29,86400,86400,86400,86400,-,0.00%
2020-03-27,86400,89700,90000,84500,2.5,1.77%
2020-03-26,84900,85500,90200,82600,0.33K,0.47%
2020-03-25,84500,79800,85500,78900,0.96K,12.97%
2020-03-24,74800,71400,75700,70000,0.02K,8.56%
2020-03-23,68900,67200,71000,66300,1.17K,-3.09%
2020-03-22,71100,71100,71100,71100,-,0.00%
2020-03-20,71100,67500,72400,65000,3.32,7.89%
2020-03-19,65900,75200,75900,65100,0.13K,-10.34%
2020-03-18,73500,80500,81200,73500,2.66,-8.24%
2020-03-17,80100,78100,83400,78100,2.37,-3.38%
2020-03-16,82900,88300,89500,82900,2.66,-4.93%
2020-03-15,87200,87200,87200,87200,-,0.00%
2020-03-13,87200,86500,90200,83500,4.77,-8.21%
2020-03-12,95000,100000,100500,94500,2.31,-5.00%
2020-03-11,100000,103000,103000,99700,1.72,-1.96%
2020-03-10,102000,102500,105000,101000,2.08,-1.92%
2020-03-09,104000,108000,108000,103500,1.65,-5.88%
2020-03-08,110500,110500,110500,110500,-,0.00%
2020-03-06,110500,113000,113500,110000,1.38,-3.07%
2020-03-05,114000,115500,116000,113000,1.13,0.88%
2020-03-04,113000,112000,114000,112000,1.31,0.44%
2020-03-03,112500,116000,116500,112000,1.36,-0.88%
2020-03-02,113500,116000,116000,113000,1.18,-1.30%
2020-03-01,115000,115000,115000,115000,-,0.00%
2020-02-28,115000,118500,119000,114000,1.77,-4.96%
2020-02-27,121000,122500,123500,120000,776.62K,-1.22%
2020-02-26,122500,121000,124000,120000,1,0.00%
2020-02-25,122500,122500,124500,122000,793.86K,0.00%
2020-02-24,122500,124500,125000,122000,909.40K,-4.30%
2020-02-23,128000,128000,128000,128000,-,0.00%
2020-02-21,128000,128000,129500,127000,628.97K,-1.54%
2020-02-20,130000,132500,133000,129000,709.44K,-1.14%
2020-02-19,131500,133000,134000,130500,775.62K,-0.75%
2020-02-18,132500,134000,134500,131000,743.67K,-2.21%
2020-02-17,135500,133500,136000,132500,524.94K,1.50%
2020-02-16,133500,133500,133500,133500,-,0.00%
2020-02-14,133500,132500,135000,131500,449.54K,0.38%
2020-02-13,133000,137000,137500,133000,1.03,-2.21%
2020-02-12,136000,132500,137500,132500,1.37,2.64%
2020-02-11,132500,131000,135000,130500,948.65K,1.92%
2020-02-10,130000,129500,132000,129000,668.16K,-0.76%
2020-02-09,131000,131000,131000,131000,-,0.00%
2020-02-07,131000,130500,131000,127500,996.60K,-0.76%
2020-02-06,132000,125500,133000,125500,1.66,6.45%
2020-02-05,124000,125000,126000,123500,962.74K,0.00%
2020-02-04,124000,123500,126000,122500,1.2,0.40%
2020-02-03,123500,123000,125000,121000,1.26,-1.20%
2020-02-02,125000,125000,125000,125000,-,0.00%
2020-01-31,125000,128500,129500,124500,1.03,-1.96%
2020-01-30,127500,130000,130500,126500,1.03,-2.67%
2020-01-29,131000,132000,133000,129000,1.32,0.00%
2020-01-28,131000,127000,132500,127000,1.65,0.38%
2020-01-27,130500,130500,130500,130500,-,0.00%
2020-01-23,130500,130000,131500,128000,2.25,2.76%
2020-01-22,127000,117500,127000,117500,2.6,8.55%
2020-01-21,117000,118000,118500,116500,544.83K,-0.85%
2020-01-20,118000,119500,119500,117500,445.23K,-0.42%
2020-01-19,118500,118500,118500,118500,-,0.00%
2020-01-17,118500,118500,120000,118000,573.46K,0.00%
2020-01-16,118500,117000,120000,116500,1.59,3.04%
2020-01-15,115000,116000,116000,114000,562.97K,-0.86%
2020-01-14,116000,115500,117000,115500,739.64K,0.87%
2020-01-13,115000,113500,115500,113000,686.42K,1.32%
2020-01-12,113500,113500,113500,113500,-,0.00%
2020-01-10,113500,112500,114500,112000,895.31K,1.79%
2020-01-09,111500,113000,114500,110000,1.37,-0.45%
2020-01-08,112000,115000,115500,111500,1.03,-3.03%
2020-01-07,115500,116500,117000,115500,642.10K,-0.43%
2020-01-06,116000,116000,117000,115500,332.98K,0.00%
2020-01-05,116000,116000,116000,116000,-,0.00%
2020-01-03,116000,118500,119000,115000,1.14,-1.69%
2020-01-02,118000,121000,121000,118000,551.70K,-2.07%
2019-12-30,120500,120500,121500,120000,467.35K,0.00%
2019-12-29,120500,120500,120500,120500,-,0.00%
2019-12-27,120500,121000,121000,120000,421.54K,-1.63%
2019-12-26,122500,122500,123000,121500,546.75K,0.41%
2019-12-24,122000,123000,123000,121500,439.65K,-0.41%
2019-12-23,122500,124000,125000,122000,938.05K,-1.21%
2019-12-22,124000,124000,124000,124000,-,0.00%
2019-12-20,124000,124000,124000,122500,1,0.40%
2019-12-19,123500,122500,123500,122000,904.74K,0.41%
2019-12-18,123000,122000,123500,120500,1.13,0.82%
2019-12-17,122000,119500,123000,119000,1.43,2.52%
2019-12-16,119000,120500,121000,119000,978.69K,-1.65%
2019-12-15,121000,121000,121000,121000,-,0.00%
2019-12-13,121000,121500,122500,119500,982.52K,0.83%
2019-12-12,120000,119500,120500,119000,1.53,0.84%
2019-12-11,119000,120500,120500,119000,1.01,-0.83%
2019-12-10,120000,119500,120500,119000,783.91K,0.42%
2019-12-09,119500,119500,120500,119000,841.78K,0.84%
2019-12-06,118500,118500,119500,118000,982.48K,0.42%
2019-12-05,118000,121500,122500,117500,1.56,-3.28%
2019-12-04,122000,120000,124000,120000,1.5,0.41%
2019-12-03,121500,120000,121500,119000,849.38K,0.00%
2019-12-02,121500,121000,121500,118500,861.53K,0.41%
2019-11-29,121000,123500,124500,120000,1.02,-2.42%
2019-11-28,124000,123500,125000,123000,742.17K,0.40%
2019-11-27,123500,123000,124000,123000,696.08K,0.82%
2019-11-26,122500,124500,125500,122500,1.65,-2.00%
2019-11-25,125000,124000,125500,123500,640.60K,1.21%
2019-11-22,123500,124000,125500,123500,702.33K,-0.80%
2019-11-21,124500,124000,124500,123000,724.11K,0.00%
2019-11-20,124500,124500,124500,123500,567.81K,-0.40%
2019-11-19,125000,125000,126000,124500,537.69K,-0.79%
2019-11-18,126000,125000,126000,124500,596.16K,0.40%
2019-11-17,125500,125500,125500,125500,-,0.00%
2019-11-15,125500,124500,125500,124000,469.03K,0.80%
2019-11-14,124500,125000,125000,124000,539.29K,0.00%
2019-11-13,124500,125000,126000,124500,524.67K,-0.80%
2019-11-12,125500,123500,125500,123500,598.23K,1.62%
2019-11-11,123500,124000,124500,123500,370.19K,-0.40%
2019-11-10,124000,124000,124000,124000,-,0.00%
2019-11-08,124000,124000,124500,123500,334.18K,0.40%
2019-11-07,123500,123500,124500,123000,577.24K,0.00%
2019-11-06,123500,125500,126000,123500,681.70K,-1.20%
2019-11-05,125000,124000,125500,124000,471.14K,0.81%
2019-11-04,124000,123500,125000,123000,471.01K,0.00%
2019-11-03,124000,124000,124000,124000,-,0.00%
2019-11-01,124000,121500,124000,121000,434.02K,1.64%
2019-10-31,122000,122500,123500,121500,441.27K,-0.41%
2019-10-30,122500,122500,123000,121500,398.68K,0.00%
2019-10-29,122500,122000,123000,121500,546.89K,0.82%
2019-10-28,121500,124500,125000,121500,563.67K,-1.62%
2019-10-25,123500,122000,124000,121500,748.26K,1.23%
2019-10-24,122000,121000,122500,120000,652.31K,0.83%
2019-10-23,121000,121500,122500,120500,509.37K,-0.82%
2019-10-22,122000,121500,122500,120000,522.73K,0.00%
2019-10-21,122000,124000,124000,122000,371.22K,-0.81%
2019-10-20,123000,123000,123000,123000,-,0.00%
2019-10-18,123000,123500,124500,122500,416.54K,0.00%
2019-10-17,123000,123000,124500,122000,509.08K,0.00%
2019-10-16,123000,123000,124000,122000,407.27K,0.82%
2019-10-15,122000,122000,123000,120500,657.67K,0.00%
2019-10-14,122000,125000,126000,122000,1.26,-3.17%
2019-10-13,126000,126000,126000,126000,-,0.00%
2019-10-11,126000,127000,127500,126000,364.18K,-0.40%
2019-10-10,126500,127000,128000,125500,770.52K,-2.32%
2019-10-09,129500,129500,129500,129500,-,0.00%
2019-10-08,129500,128000,130500,127500,390.58K,1.17%
2019-10-07,128000,128000,129000,127000,257.03K,1.19%
2019-10-06,126500,126500,126500,126500,-,0.00%
2019-10-04,126500,129500,130000,126500,488.21K,-1.56%
2019-10-03,128500,128500,128500,128500,-,0.00%
2019-10-02,128500,131000,131500,128000,447.29K,-3.02%
2019-10-01,132500,134000,134000,131500,387.73K,-1.12%
2019-09-30,134000,133500,135500,133000,428.66K,0.37%
2019-09-29,133500,133500,133500,133500,-,0.00%
2019-09-27,133500,134000,134000,131000,347.95K,0.38%
2019-09-26,133000,136000,136500,132000,439.33K,-1.12%
2019-09-25,134500,133000,135000,131500,447.65K,0.37%
2019-09-24,134000,134000,135000,132000,615.17K,0.75%
2019-09-23,133000,129500,133500,129000,1.01,2.70%
2019-09-20,129500,128500,130500,128000,713.71K,0.39%
2019-09-19,129000,127500,129000,126500,597.02K,1.18%
2019-09-18,127500,126000,128500,125500,537.20K,1.19%
2019-09-17,126000,127500,128000,125500,609.09K,-1.56%
2019-09-16,128000,128500,129500,126000,777.34K,-0.78%
2019-09-15,129000,129000,129000,129000,-,0.00%
2019-09-11,129000,128500,129000,127500,755.84K,0.78%
2019-09-10,128000,127000,128500,126500,458.27K,0.79%
2019-09-09,127000,127500,128500,126000,377.91K,-0.39%
2019-09-08,127500,127500,127500,127500,-,0.00%
2019-09-06,127500,128000,128500,126500,379.95K,-0.39%
2019-09-05,128000,128000,129000,127000,456.76K,-0.39%
2019-09-04,128500,128000,129000,127000,496.04K,0.00%
2019-09-03,128500,131500,132000,127500,505.03K,-1.91%
2019-09-02,131000,128000,132000,127500,383.70K,1.95%
2019-09-01,128500,128500,128500,128500,-,0.00%
2019-08-30,128500,127500,129000,127000,405.75K,1.58%
2019-08-29,126500,127500,128000,126000,364.66K,-0.78%
2019-08-28,127500,128500,130500,127000,766.18K,2.00%
2019-08-27,125000,125000,126500,124000,538.60K,0.40%
2019-08-26,124500,124000,126000,123500,391.38K,-1.19%
2019-08-23,126000,123000,126000,123000,252.71K,1.61%
2019-08-22,124000,126000,126500,124000,384.08K,-1.20%
2019-08-21,125500,126500,127500,124000,529.57K,-0.79%
2019-08-20,126500,127500,128500,125000,479.78K,-1.17%
2019-08-19,128000,127500,129500,127500,241.85K,0.00%
2019-08-18,128000,128000,128000,128000,-,0.00%
2019-08-16,128000,126500,128000,125000,351.61K,0.39%
2019-08-15,127500,127500,127500,127500,-,0.00%
2019-08-14,127500,130000,131500,127000,565.89K,-1.16%
2019-08-13,129000,129500,131000,129000,333.96K,-1.53%
2019-08-12,131000,131000,132500,130000,344.79K,-1.13%
2019-08-09,132500,131500,132500,129000,512.31K,1.92%
2019-08-08,130000,129000,132500,128500,1.11,2.36%
2019-08-07,127000,126500,129000,126500,677.53K,0.79%
2019-08-06,126000,126000,127500,123000,762.23K,-1.18%
2019-08-05,127500,127500,128000,125500,728.19K,0.00%
2019-08-04,127500,127500,127500,127500,-,0.00%
2019-08-02,127500,126000,128500,124500,597.90K,1.59%
2019-08-01,125500,126500,130000,125000,467.91K,-0.79%
2019-07-31,126500,126500,129000,126500,487.85K,-1.17%
2019-07-30,128000,129000,129500,126500,320.63K,0.00%
2019-07-29,128000,130000,131000,126500,464.01K,-1.92%
2019-07-28,130500,130500,130500,130500,-,0.00%
2019-07-26,130500,130500,132500,130000,393.68K,-0.76%
2019-07-25,131500,131500,133500,130000,613.07K,-0.75%
2019-07-24,132500,131500,133500,131500,418.40K,0.38%
2019-07-23,132000,133500,133500,128500,1.13,-0.75%
2019-07-22,133000,134000,135500,132000,606.14K,-1.12%
2019-07-19,134500,135500,135500,132000,363.11K,0.37%
2019-07-18,134000,133000,134500,132500,345.39K,0.37%
2019-07-17,133500,133000,134500,132000,375.47K,0.38%
2019-07-16,133000,139000,139000,132000,902.01K,-3.62%
2019-07-15,138000,139500,140000,137000,279.65K,-1.08%
2019-07-12,139500,138500,142000,138000,549.23K,0.36%
2019-07-11,139000,136500,140500,135000,1.07,1.46%
2019-07-10,137000,139000,140000,135500,566.98K,-0.36%
2019-07-09,137500,139500,141500,137000,435.20K,-0.72%
2019-07-08,138500,140500,142000,138000,338.35K,-2.12%
2019-07-05,141500,139000,142000,138500,338.12K,1.80%
2019-07-04,139000,135500,139500,135000,305.63K,2.21%
2019-07-03,136000,136000,138000,134000,582.35K,-0.73%
2019-07-02,137000,139500,140000,136500,444.55K,-2.84%
2019-07-01,141000,141500,142500,139500,328.31K,0.71%
2019-06-30,140000,140000,140000,140000,-,0.00%
2019-06-28,140000,140000,141000,139000,273.93K,-0.36%
2019-06-27,140500,141000,142500,139500,343.05K,-0.71%
2019-06-26,141500,141000,142000,140000,239.18K,0.00%
2019-06-25,141500,142500,142500,140500,294.73K,-0.70%
2019-06-24,142500,142000,143500,141500,287.87K,1.42%
2019-06-21,140500,140000,141000,139500,291.57K,0.00%
2019-06-20,140500,139500,141000,139000,259.55K,0.36%
2019-06-19,140000,140500,141000,139000,301.58K,-0.71%
2019-06-18,141000,140500,141500,139500,222.60K,0.71%
2019-06-17,140000,140000,141500,139500,228.45K,-0.36%
2019-06-14,140500,140000,142500,139500,339.75K,-0.35%
2019-06-13,141000,140500,141500,137500,906.13K,0.00%
2019-06-12,141000,143500,143500,139500,535.71K,-1.74%
2019-06-11,143500,142500,143500,140500,361.91K,0.35%
2019-06-10,143000,142000,143000,140000,463.61K,2.14%
2019-06-07,140000,141500,142000,139500,460.45K,-0.71%
2019-06-05,141000,139500,142000,139000,606.07K,1.44%
2019-06-04,139000,137000,140500,137000,570.72K,0.36%
2019-06-03,138500,134000,138500,132500,650.22K,2.97%
2019-05-31,134500,134500,135000,131000,924.60K,-0.74%
2019-05-30,135500,132500,136500,132500,495.62K,1.12%
2019-05-29,134000,135000,135500,131500,635.20K,-1.83%
2019-05-28,136500,135000,136500,133000,1.21,1.11%
2019-05-27,135000,130000,135500,130000,716.35K,3.45%
2019-05-24,130500,127000,130500,126000,479.71K,2.35%
2019-05-23,127500,129000,129500,126500,621.31K,0.39%
2019-05-22,127000,127000,129000,126000,368.70K,0.00%
2019-05-21,127000,129000,129500,125000,733.38K,-1.55%
2019-05-20,129000,125500,129500,125500,709.35K,2.79%
2019-05-17,125500,127000,128500,125000,297.56K,-1.57%
2019-05-16,127500,133000,135000,127000,1,-0.39%
2019-05-15,128000,127500,130000,125500,457.25K,0.00%
2019-05-14,128000,128500,129500,127000,442.31K,-0.78%
2019-05-13,129000,128000,131000,128000,383.80K,-0.77%
2019-05-10,130000,131500,134000,128000,544.25K,-0.76%
2019-05-09,131000,135000,135500,131000,803.91K,-3.32%
2019-05-08,135500,134500,136000,134000,424.05K,-0.37%
2019-05-07,136000,134500,137000,134000,544.67K,-1.09%
2019-05-03,137500,137500,138500,136500,430.75K,-0.72%
2019-05-02,138500,138000,140500,137000,429.66K,0.00%
2019-04-30,138500,139500,140500,138000,575.89K,-0.36%
2019-04-29,139000,136500,139500,136500,587.56K,2.58%
2019-04-26,135500,138000,138500,134500,538.44K,-1.81%
2019-04-25,138000,138500,139000,136500,550.76K,-0.36%
2019-04-24,138500,139000,140000,136000,1.33,1.84%
2019-04-23,136000,134000,137000,133000,480.16K,1.49%
2019-04-22,134000,133000,134500,132000,231.07K,0.00%
2019-04-19,134000,135000,135500,133000,335.42K,0.00%
2019-04-18,134000,133500,137000,132500,1.46,2.29%
2019-04-17,131000,128500,131000,127500,535.57K,1.95%
2019-04-16,128500,126500,130500,125500,733.53K,2.39%
2019-04-15,125500,126000,127000,125000,222.55K,-0.79%
2019-04-12,126500,127000,128000,125500,286.48K,-1.17%
2019-04-11,128000,127500,128000,125500,548.77K,0.39%
2019-04-10,127500,126500,128500,126500,349.26K,0.39%
2019-04-09,127000,125500,128000,125500,274.93K,-0.78%
2019-04-08,128000,126500,128500,125500,455.08K,1.59%
2019-04-05,126000,124500,126500,124000,468.52K,2.02%
2019-04-04,123500,123000,125000,122500,464.56K,-0.40%
2019-04-03,124000,118500,124000,118000,651.23K,4.20%
2019-04-02,119000,119500,120000,117500,374.13K,-1.24%
2019-04-01,120500,120000,121000,119000,264.65K,0.84%
2019-03-29,119500,120000,122000,119000,432.84K,0.00%
2019-03-28,119500,118500,120000,118000,303.40K,0.84%
2019-03-27,118500,118500,119500,118000,236.18K,0.00%
2019-03-26,118500,120000,121000,118500,462.91K,-1.25%
2019-03-25,120000,121000,122000,119000,414.10K,-2.83%
2019-03-22,123500,124000,125500,121500,485.68K,-0.80%
2019-03-21,124500,124000,126000,122500,321.36K,0.40%
2019-03-20,124000,123000,124000,121000,316.07K,0.00%
2019-03-19,124000,124000,125000,123000,303.88K,0.00%
2019-03-18,124000,122000,124000,121500,383.26K,2.48%
2019-03-15,121000,119000,122000,118000,739.47K,1.68%
2019-03-14,119000,124000,124000,117000,1.32,-2.86%
2019-03-13,122500,126000,126000,120500,797.48K,-2.39%
2019-03-12,125500,121500,125500,121500,616.23K,3.72%
2019-03-11,121000,121000,121500,119000,281.39K,0.83%
2019-03-08,120000,125000,125000,120000,467.05K,-4.38%
2019-03-07,125500,126500,129000,123000,791.37K,0.80%
2019-03-06,124500,122500,126500,121500,599.12K,2.47%
2019-03-05,121500,121500,122000,119500,428.58K,-0.41%
2019-03-04,122000,125000,126000,121000,916.71K,-3.56%
2019-02-28,126500,127500,129000,126000,945.59K,-1.94%
2019-02-27,129000,128000,130000,126000,1.23,5.31%
2019-02-26,122500,121500,124000,121500,777.50K,1.24%
2019-02-25,121000,120500,122500,120000,313.82K,0.00%
2019-02-22,121000,119500,121500,119500,353.42K,0.83%
2019-02-21,120000,118500,121000,118500,588.44K,0.84%
2019-02-20,119000,119500,121500,119000,734.34K,-0.42%
2019-02-19,119500,119500,120500,119000,469.06K,-0.83%
2019-02-18,120500,121000,122000,118500,556.50K,-0.41%
2019-02-15,121000,121000,121500,120000,445.95K,-0.41%
2019-02-14,121500,123500,124000,119500,1.07,-2.41%
2019-02-13,124500,128500,128500,124000,619.40K,-3.11%
2019-02-12,128500,129000,129000,126500,442.74K,0.78%
2019-02-11,127500,126000,129000,126000,425.73K,1.59%
2019-02-08,125500,125500,126500,124500,364.68K,-0.40%
2019-02-07,126000,128500,129000,125500,528.10K,-2.70%
2019-02-01,129500,129500,130000,128500,391.59K,0.00%
2019-01-31,129500,130000,131000,128500,509.45K,0.00%
2019-01-30,129500,128500,129500,126500,404.00K,1.17%
2019-01-29,128000,126500,128500,126000,445.08K,1.19%
2019-01-28,126500,128500,130000,125500,540.81K,-1.56%
2019-01-25,128500,127500,130000,127500,534.89K,-1.15%
2019-01-24,130000,128000,130000,124500,778.53K,0.78%
2019-01-23,129000,128000,130000,127000,389.13K,1.18%
2019-01-22,127500,126500,128000,125000,446.01K,0.39%
2019-01-21,127000,132000,132000,126500,656.97K,-3.05%
2019-01-18,131000,129500,131500,129500,533.89K,1.16%
2019-01-17,129500,128500,130000,127500,513.40K,0.78%
2019-01-16,128500,127000,129000,126000,395.53K,0.78%
2019-01-15,127500,121000,128000,120500,787.78K,4.94%
2019-01-14,121500,122500,124000,121000,297.40K,-1.22%
2019-01-11,123000,123000,124500,122000,341.20K,0.00%
2019-01-10,123000,121500,123000,119500,648.70K,0.00%
2019-01-09,123000,119000,124000,119000,645.94K,2.93%
2019-01-08,119500,121500,123500,118500,481.76K,-0.83%
2019-01-07,120500,121000,121500,119500,383.03K,0.84%
2019-01-04,119500,116000,123000,116000,1.33,2.58%
2019-01-03,116500,113000,118500,113000,608.44K,2.19%
2019-01-02,114000,117500,118000,113500,563.96K,-3.80%
2018-12-28,118500,118500,120000,117500,397.86K,0.00%
2018-12-27,118500,118000,120000,117500,458.38K,-1.25%
2018-12-26,120000,121500,122000,118500,547.57K,-2.44%
2018-12-24,123000,122000,124000,121500,301.38K,0.41%
2018-12-21,122500,120500,122500,119500,643.84K,0.82%
2018-12-20,121500,121500,124500,120500,663.66K,-1.22%
2018-12-19,123000,118500,123500,118500,840.74K,4.24%
2018-12-18,118000,117500,120000,116000,888.29K,1.29%
2018-12-17,116500,115000,118500,112500,602.22K,0.00%
2018-12-14,116500,119000,120000,115000,523.49K,-1.69%
2018-12-13,118500,116500,120000,116500,1.09,0.00%
2018-12-12,118500,111500,121500,111000,1.45,6.28%
2018-12-11,111500,109500,112500,108500,371.26K,0.90%
2018-12-10,110500,108500,111000,108500,366.83K,-0.45%
2018-12-07,111000,110000,112000,109500,553.82K,0.45%
2018-12-06,110500,107500,112500,106000,895.85K,2.79%
2018-12-05,107500,106000,108500,106000,518.29K,0.00%
2018-12-04,107500,108500,108500,105500,592.20K,-0.92%
2018-12-03,108500,108500,109000,106500,626.05K,1.40%
2018-11-30,107000,103000,108000,102500,2.66,7.00%
2018-11-29,100000,102000,103000,99100,779.68K,-0.99%
2018-11-28,101000,100500,101500,99800,559.06K,0.00%
2018-11-27,101000,95900,101500,95800,1.42,6.20%
2018-11-26,95100,93600,95800,93500,661.30K,2.04%
2018-11-25,93200,93200,93200,93200,-,-0.53%
2018-11-23,93700,92800,94000,92600,557.06K,0.97%
2018-11-22,92800,98000,98000,92500,1.52,-5.11%
2018-11-21,97800,96500,97900,95800,823.66K,0.31%
2018-11-20,97500,101000,101000,97100,1.29,-3.94%
2018-11-19,101500,103000,103500,101000,552.58K,-1.46%
2018-11-18,103000,103000,103000,103000,-,0.00%
2018-11-16,103000,104000,104500,102000,359.33K,0.00%
2018-11-15,103000,101000,103500,100500,446.86K,1.48%
2018-11-14,101500,103500,104500,100500,635.82K,-0.98%
2018-11-13,102500,99900,102500,99600,396.51K,0.49%
2018-11-12,102000,105000,105500,100500,777.66K,-2.39%
2018-11-11,104500,104500,104500,104500,-,-0.48%
2018-11-09,105000,106000,110000,104500,666.54K,-0.47%
2018-11-08,105500,109000,109000,105500,587.17K,-1.86%
2018-11-07,107500,106500,108000,105500,617.43K,0.00%
2018-11-06,107500,105000,108500,104500,774.86K,3.37%
2018-11-05,104000,107000,107500,103500,879.21K,-4.59%
2018-11-04,109000,109000,109000,109000,-,-0.91%
2018-11-02,110000,107000,110500,106500,584.65K,1.38%
2018-11-01,108500,106500,109000,104500,486.71K,1.88%
2018-10-31,106500,106500,107000,103500,693.04K,-0.93%
2018-10-30,107500,106500,109500,106000,428.84K,1.42%
2018-10-29,106000,106000,108500,104000,724.58K,-1.85%
2018-10-28,108000,108000,108000,108000,-,0.00%
2018-10-26,108000,110000,113000,107500,857.97K,-1.82%
2018-10-25,110000,116000,116000,102500,1.56,-5.98%
2018-10-24,117000,117500,118500,116000,476.07K,0.43%
2018-10-23,116500,117000,118000,114000,574.69K,-1.27%
2018-10-22,118000,115000,118000,114500,377.58K,2.16%
2018-10-19,115500,114500,117500,114000,486.81K,-0.43%
2018-10-18,116000,118000,118500,114000,707.97K,-2.11%
2018-10-17,118500,117500,119500,116500,384.59K,1.72%
2018-10-16,116500,114000,117500,113500,502.63K,2.64%
2018-10-15,113500,116500,117000,111500,697.25K,-1.73%
2018-10-12,115500,115500,118000,114500,670.86K,-0.43%
2018-10-11,116000,118500,120500,116000,696.27K,-3.33%
2018-10-10,120000,122500,123000,119500,446.88K,-1.64%
2018-10-09,122000,122000,122000,122000,-,0.00%
2018-10-08,122000,123500,124000,121500,386.38K,-2.01%
2018-10-07,124500,124500,124500,124500,-,0.00%
2018-10-05,124500,126000,126000,123000,283.95K,0.00%
2018-10-04,124500,128500,129000,122500,670.40K,-3.11%
2018-10-03,128500,128500,128500,128500,-,0.00%
2018-10-02,128500,128500,129500,128000,196.38K,-0.39%
2018-10-01,129000,130000,130000,128500,232.57K,-0.39%
2018-09-30,129500,129500,129500,129500,-,0.00%
2018-09-28,129500,130000,130500,128000,283.31K,-0.77%
2018-09-27,130500,130000,130500,128500,465.06K,1.16%
2018-09-26,129000,129000,129000,129000,-,0.00%
2018-09-21,129000,131000,131000,127500,400.17K,0.00%
2018-09-20,129000,126500,130000,126000,335.36K,1.98%
2018-09-19,126500,128500,129000,125500,347.21K,-1.17%
2018-09-18,128000,128500,130000,128000,341.64K,-0.39%
2018-09-17,128500,129000,129500,128000,219.97K,-0.77%
2018-09-16,129500,129500,129500,129500,-,0.00%
2018-09-14,129500,129500,131000,129000,259.87K,0.78%
2018-09-13,128500,130500,130500,128000,331.00K,-0.77%
2018-09-12,129500,128500,131000,128000,340.38K,1.17%
2018-09-11,128000,130000,130500,128000,371.17K,-2.29%
2018-09-10,131000,131500,133500,130000,299.48K,-1.50%
2018-09-09,133000,133000,133000,133000,-,0.00%
2018-09-07,133000,136000,137000,131500,690.74K,-0.75%
2018-09-06,134000,130000,136000,130000,922.64K,3.88%
2018-09-05,129000,126500,131000,126500,857.99K,1.98%
2018-09-04,126500,125500,127000,124500,296.67K,1.20%
2018-09-03,125000,124500,126000,123500,262.22K,0.00%
2018-09-02,125000,125000,125000,125000,-,0.00%
2018-08-31,125000,124000,126000,123000,501.19K,1.21%
2018-08-30,123500,124000,125000,123000,338.96K,-0.40%
2018-08-29,124000,125000,125000,123500,224.69K,-0.80%
2018-08-28,125000,125000,127000,124000,373.94K,0.81%
2018-08-27,124000,125000,125500,123500,226.51K,-0.40%
2018-08-26,124500,124500,124500,124500,-,0.00%
2018-08-24,124500,123500,124500,123000,231.93K,0.00%
2018-08-23,124500,125500,126000,123000,228.00K,-1.19%
2018-08-22,126000,125500,127000,124500,329.08K,0.40%
2018-08-21,125500,127000,127500,124000,339.32K,-1.57%
2018-08-20,127500,127500,128000,126000,310.82K,0.79%
2018-08-17,126500,125500,127000,125000,207.71K,0.00%
2018-08-16,126500,122000,127000,122000,319.23K,2.85%
2018-08-15,123000,123000,123000,123000,-,0.00%
2018-08-14,123000,124500,125000,122500,291.06K,-0.40%
2018-08-13,123500,125000,126000,123000,319.01K,-1.98%
2018-08-12,126000,126000,126000,126000,-,0.00%
2018-08-10,126000,126000,127000,124500,194.26K,0.00%
2018-08-09,126000,126500,127500,125500,531.64K,-1.18%
2018-08-08,127500,125500,129500,125500,705.35K,2.00%
2018-08-07,125000,124000,126000,123500,247.11K,0.40%
2018-08-06,124500,124500,126000,124000,295.83K,0.40%
2018-08-03,124000,124000,125500,124000,453.70K,-1.20%
2018-08-02,125500,128000,128500,124000,425.00K,-2.33%
2018-08-01,128500,130000,130500,128000,244.12K,-0.77%
2018-07-31,129500,131000,131000,128500,306.37K,-0.77%
2018-07-30,130500,129000,131000,128500,179.58K,0.77%
2018-07-29,129500,129500,129500,129500,-,0.00%
2018-07-27,129500,129500,131500,129000,365.03K,-0.38%
2018-07-26,130000,131000,131500,128000,397.24K,-0.38%
2018-07-25,130500,130000,130500,129000,293.03K,0.77%
2018-07-24,129500,129500,130000,126500,478.89K,0.00%
2018-07-23,129500,127500,131000,127000,660.16K,1.97%
2018-07-22,127000,127000,127000,127000,-,0.00%
2018-07-20,127000,124500,128500,122500,463.58K,2.42%
2018-07-19,124000,125000,125500,123500,358.73K,0.00%
2018-07-18,124000,127000,128500,124000,305.12K,-1.98%
2018-07-17,126500,126000,129000,125000,418.40K,0.40%
2018-07-16,126000,122500,127500,122500,493.74K,2.86%
2018-07-15,122500,122500,122500,122500,-,0.00%
2018-07-13,122500,123500,125000,122000,306.45K,-0.41%
2018-07-12,123000,121500,125000,121000,451.52K,1.23%
2018-07-11,121500,121000,123000,120500,384.60K,-1.62%
2018-07-10,123500,123500,125500,122500,297.83K,-0.80%
2018-07-09,124500,124000,125000,122500,289.40K,0.81%
2018-07-08,123500,123500,123500,123500,-,0.00%
2018-07-06,123500,122500,126000,122500,636.24K,1.65%
2018-07-05,121500,119000,122000,118000,615.14K,1.67%
2018-07-04,119500,120500,122500,118000,509.89K,-2.05%
2018-07-03,122000,125500,125500,119500,556.08K,-1.21%
2018-07-02,123500,125000,125500,123000,376.13K,-1.59%
2018-06-29,125500,124500,126000,123500,469.21K,0.40%
2018-06-28,125000,126000,126500,123000,786.72K,-1.96%
2018-06-27,127500,129000,130500,125500,821.43K,-1.54%
2018-06-26,129500,128000,131000,127500,676.64K,0.39%
2018-06-25,129000,129500,130000,128000,534.85K,-0.77%
2018-06-24,130000,130000,130000,130000,-,0.00%
2018-06-22,130000,126000,131000,125000,630.62K,2.36%
2018-06-21,127000,129500,130500,127000,606.36K,-1.93%
2018-06-20,129500,130500,131500,129000,562.72K,-1.52%
2018-06-19,131500,134000,135000,131000,739.54K,-2.59%
2018-06-18,135000,134500,136500,134500,497.48K,0.75%
2018-06-17,134000,134000,134000,134000,-,0.00%
2018-06-15,134000,136000,136500,133000,732.53K,-0.74%
2018-06-14,135000,138500,139000,135000,1.01,-3.91%
2018-06-13,140500,140500,140500,140500,-,0.00%
2018-06-12,140500,140000,142000,139500,486.09K,0.72%
2018-06-11,139500,140000,140500,139000,382.84K,-1.06%
2018-06-10,141000,141000,141000,141000,-,0.00%
2018-06-08,141000,142000,142500,140000,539.51K,-1.05%
2018-06-07,142500,142000,144000,141500,461.15K,0.00%
2018-06-06,142500,142500,142500,142500,-,0.00%
2018-06-05,142500,143500,144000,140500,374.21K,-0.35%
2018-06-04,143000,140000,144000,139000,754.17K,2.14%
2018-06-03,140000,140000,140000,140000,-,0.00%
2018-06-01,140000,138500,140000,137500,394.80K,0.72%
2018-05-31,139000,139000,140000,137500,824.47K,1.09%
2018-05-30,137500,138500,139500,136000,648.07K,-1.79%
2018-05-29,140000,139500,141000,139000,451.08K,1.08%
2018-05-28,138500,139000,140500,138000,495.82K,-0.36%
2018-05-27,139000,139000,139000,139000,-,0.00%
2018-05-25,139000,139500,141000,138500,696.49K,-0.71%
2018-05-24,140000,144000,144500,139000,1.32,-3.11%
2018-05-23,144500,147000,148500,144000,1.06,-3.02%
2018-05-22,149000,149000,149000,149000,-,0.00%
2018-05-21,149000,149500,151000,149000,332.03K,-0.67%
2018-05-18,150000,148500,150000,148000,329.98K,0.33%
2018-05-17,149500,150500,151000,149500,297.44K,-0.66%
2018-05-16,150500,148500,151500,146000,516.32K,1.35%
2018-05-15,148500,150000,151500,148000,609.98K,-1.66%
2018-05-14,151000,153500,154500,150500,438.72K,-1.31%
2018-05-13,153000,153000,153000,153000,-,0.00%
2018-05-11,153000,152000,154000,151500,318.92K,0.66%
2018-05-10,152000,152500,154000,150500,735.55K,-0.98%
2018-05-09,153500,154500,156000,153500,513.57K,-1.60%
2018-05-08,156000,158500,161000,154500,594.87K,-1.27%
2018-05-07,158000,158000,158000,158000,-,0.00%
2018-05-04,158000,158000,160000,156500,448.68K,-1.25%
2018-05-03,160000,162500,163000,160000,324.70K,0.00%
2018-05-02,160000,159000,160500,157000,376.64K,0.00%
2018-05-01,160000,160000,160000,160000,-,0.00%
2018-04-30,160000,159000,160500,157000,351.17K,1.27%
2018-04-29,158000,158000,158000,158000,-,0.00%
2018-04-27,158000,155000,161500,154000,886.23K,0.96%
2018-04-26,156500,164000,164000,154500,860.23K,-4.57%
2018-04-25,164000,162000,164000,160000,407.37K,0.92%
2018-04-24,162500,161500,165500,161500,624.00K,1.88%
2018-04-23,159500,160000,160000,157000,283.89K,-0.31%
2018-04-22,160000,160000,160000,160000,-,0.00%
2018-04-20,160000,157000,160000,156500,405.48K,1.27%
2018-04-19,158000,157500,158000,155000,344.03K,-0.32%
2018-04-18,158500,158000,159500,157000,476.06K,0.63%
2018-04-17,157500,154000,158000,154000,670.48K,2.94%
2018-04-16,153000,151000,154000,150000,302.84K,1.66%
2018-04-15,150500,150500,150500,150500,-,0.00%
2018-04-13,150500,151500,152000,149500,425.13K,-0.99%
2018-04-12,152000,151000,152500,150000,293.10K,1.33%
2018-04-11,150000,150500,152000,150000,328.61K,-0.66%
2018-04-10,151000,150000,153000,149000,371.22K,0.00%
2018-04-09,151000,152000,153000,150500,318.73K,-0.98%
2018-04-06,152500,155000,155500,152000,328.54K,-0.97%
2018-04-05,154000,157000,158000,153500,403.48K,-1.60%
2018-04-04,156500,156000,159500,155000,1.2,2.96%
2018-04-03,152000,147000,152500,145500,705.25K,2.36%
2018-04-02,148500,144500,148500,144000,568.53K,3.48%
2018-04-01,143500,143500,143500,143500,-,0.00%
2018-03-30,143500,144000,145500,142500,524.29K,0.00%
2018-03-29,143500,150500,152000,142500,1.53,-5.28%
2018-03-28,151500,153000,155000,148000,904.78K,-1.62%
2018-03-27,154000,150000,154000,149500,682.93K,3.01%
2018-03-26,149500,151000,152500,149500,465.91K,-1.32%
2018-03-25,151500,151500,151500,151500,-,0.00%
2018-03-23,151500,151000,153000,150500,554.15K,-0.66%
2018-03-22,152500,154500,154500,152000,329.95K,-1.29%
2018-03-21,154500,152500,155000,152500,276.38K,1.31%
2018-03-20,152500,150500,153500,150000,310.37K,0.66%
2018-03-19,151500,152500,153000,150000,747.78K,-3.81%
2018-03-18,157500,157500,157500,157500,-,0.00%
2018-03-16,157500,158000,159500,156000,351.75K,0.00%
2018-03-15,157500,156500,159000,155000,347.95K,0.96%
2018-03-14,156000,152500,157000,152000,605.37K,1.63%
2018-03-13,153500,152500,155000,152500,378.00K,0.00%
2018-03-12,153500,154000,155500,153000,401.00K,-0.32%
2018-03-11,154000,154000,154000,154000,-,0.00%
2018-03-09,154000,153500,155000,152500,460.33K,-0.32%
2018-03-08,154500,153500,155000,152000,487.89K,1.31%
2018-03-07,152500,154000,155000,152000,598.31K,-2.87%
2018-03-06,157000,154500,158000,154500,375.49K,2.61%
2018-03-05,153000,155500,157000,152500,410.24K,-1.92%
2018-03-04,156000,156000,156000,156000,-,0.00%
2018-03-02,156000,158000,159000,154500,590.60K,-3.41%
2018-03-01,161500,161500,161500,161500,-,0.00%
2018-02-28,161500,159000,163000,158000,496.74K,0.31%
2018-02-27,161000,160500,162000,160000,262.75K,0.00%
2018-02-26,161000,159000,162000,157500,512.71K,1.26%
2018-02-23,159000,158500,159500,157500,275.90K,1.27%
2018-02-22,157000,159000,159500,156000,335.39K,-1.88%
2018-02-21,160000,152500,161000,152500,537.05K,4.23%
2018-02-20,153500,155000,156000,152500,218.74K,-0.97%
2018-02-19,155000,156500,157000,154500,265.00K,0.32%
2018-02-18,154500,154500,154500,154500,-,0.00%
2018-02-14,154500,152000,155000,152000,265.67K,1.31%
2018-02-13,152500,154000,155500,152000,527.32K,-0.97%
2018-02-12,154000,155500,156500,153500,482.84K,-0.65%
2018-02-11,155000,155000,155000,155000,-,0.00%
2018-02-09,155000,156500,158500,154500,721.58K,-3.73%
2018-02-08,161000,158500,163500,156500,883.20K,2.22%
2018-02-07,157500,157500,160500,156000,551.97K,0.00%
2018-02-06,157500,158000,161000,153500,576.42K,-0.94%
2018-02-05,159000,162500,163000,159000,552.04K,-2.15%
2018-02-04,162500,162500,162500,162500,-,0.00%
2018-02-02,162500,161000,164000,160500,584.78K,1.25%
2018-02-01,160500,161500,162000,158500,477.72K,-0.93%
2018-01-31,162000,157000,162000,154500,925.71K,3.85%
2018-01-30,156000,155000,158000,154500,458.32K,0.97%
2018-01-29,154500,153000,155500,152000,504.19K,1.31%
2018-01-28,152500,152500,152500,152500,-,0.00%
2018-01-26,152500,155000,155500,149000,1.06,-3.79%
2018-01-25,158500,155500,159000,154000,775.67K,1.28%
2018-01-24,156500,160500,162000,156000,636.97K,-2.80%
2018-01-23,161000,163000,167500,161000,727.56K,-0.92%
2018-01-22,162500,162500,164000,158500,528.45K,0.31%
2018-01-21,162000,162000,162000,162000,-,0.00%
2018-01-19,162000,155000,162000,154500,636.42K,4.52%
2018-01-18,155000,157500,158000,154000,321.93K,-1.59%
2018-01-17,157500,157000,159000,156000,362.73K,-0.32%
2018-01-16,158000,153500,158000,153000,386.95K,1.94%
2018-01-15,155000,154000,155000,151000,315.55K,0.65%
2018-01-12,154000,153500,156000,153500,370.55K,-0.65%
2018-01-11,155000,156000,156500,152500,476.28K,-0.32%
2018-01-10,155500,152500,158000,152000,650.56K,1.97%
2018-01-09,152500,151000,152500,149500,450.37K,0.99%
2018-01-08,151000,148500,151000,147500,474.14K,1.34%
2018-01-07,149000,149000,149000,149000,-,0.00%
2018-01-05,149000,146000,149000,145500,454.04K,1.71%
2018-01-04,146500,150500,151000,146000,927.99K,-2.66%
2018-01-03,150500,149000,151000,149000,450.27K,0.67%
2018-01-02,149500,150500,153000,149000,728.79K,-4.17%
